invoice_id,customer_id,total_amount,invoice_date,status,created_at
1000,417,"1,234.56",8/21/2025 14:53,,28-10-2025
1001,INVALID_ID,4333.65,2/26/2025 12:45,paid,5/24/2025 12:11
1002,666,45863.83,7/27/2025 21:16,overdue,11/29/2025 4:42
1003,396,41991.43,8/6/2025 13:19,PAID,7/2/2025 6:27
1004,999,25898.18,4/8/2025 17:00,overdue,12/6/2025 17:16
1005,321,16275.8,3/16/2025 6:44,overdue,3/16/2025 12:08
1006,422,29928.25,3/15/2025 3:34,PAID,11/8/2025 13:27
1007,704,35659.79,3/21/2025 9:44,PAID,2/15/2025 12:29
1008,654,29946.75,5/12/2025 0:32,,5/26/2025 15:14
1009,278,23008.05,4/9/2025 22:12,overdue,2/18/2025 7:45
1010,,9527.51,12/27/2025 7:46,overdue,7/18/2025 11:58
1011,53,31442.83,2/11/2025 23:22,draft,5/2/2025 14:41
1012,371,N/A,1/28/2025 7:03,overdue,2/19/2025 11:39
1013,704,2092.88,,,8/31/2025 11:27
,247,30953.76,4/14/2025 14:09,,11/23/2025 12:31
1015,599,11071.63,11/17/2025 10:40,paid,3/4/2025 6:59
1016,998,24364.228151855674,11/25/2025 7:32,Unpaid,6/28/2025 10:54
1017,940,5458.61,4/30/2025 19:22,draft,6/23/2025 6:33
1018,84,"1,234.56",12/11/2025 21:51,draft,1/9/2025 22:37
1019,903,21888.85,5/13/2025 22:21,,7/17/2025 2:47
1020,622,0,11/22/2025 0:50,draft,3/7/2025 9:25
1021,322,13779.67,12/15/2025 22:11,,1/10/2025 10:16
1022,661,22667.07,6/1/2025 0:31,,2025-13-01 25:61:00
1023,457,4564.1,3/30/2025 18:18,overdue,7/5/2025 20:13
1024,600,29995.35,2025-13-01 25:61:00,draft,6/26/2026 14:03
1025,725,4709.6,1/20/2025 10:38,overdue,6/25/2025 23:12
1026,447,45806.55,5/2/2025 0:18,unpaid,4/1/2025 0:40
1027,587,39234.72,10/15/2025 19:30,,6/14/2025 9:06
1028,828,0,10/28/2025 3:21,PAID,7/27/2025 8:48
1029,780,9028.31,3/14/2025 13:09,paid,5/7/2025 9:40
1030,526,25095.56,6/2/2025 22:32,paid,7/2/2025 4:01
1031,883,18422.82,6/29/2025 13:55,PAID,10/3/2025 19:37
1032,656,2209.45,,,7/25/2025 9:38
1033,405,36339.12,7/1/2025 5:12,,11/2/2025 9:38
1034,768,12646.35,3/6/2025 19:34,,2/19/2025 0:38
1035,615,42113.106,12/18/2025 3:25,draft,4/27/2025 7:42
1036,204,10856.96,10/19/2025 9:44,PAID,9/10/2025 1:46
1037,,11430.87,7/9/2025 1:04,,5/25/2025 7:15
1038,426,12343763734.336935,9/6/2025 13:26,overdue,6/30/2026 6:15
1039,396,0,4/25/2025 3:49,,1/16/2025 17:42
1040,INVALID_ID,16639.47,7/16/2025 18:56,unpaid,2/26/2025 16:15
1041,,11012.82,1/10/2025 8:59,,11/7/2025 2:39
,335,2640.73,2/17/2025 21:13,,6/18/2025 7:39
1043,799,37471.97,3/1/2025 13:08,draft,5/9/2025 5:14
,740,7283.18,3/18/2025 5:58,draft,4/18/2025 2:16
1045,,6733.81,3/17/2025 5:04,PAID,6/15/2025 19:06
1046,939,"1,234.56",1/15/2025 13:09,,2/11/2025
1047,170,0,6/28/2025 11:50,,8/28/2025 12:58
1048,481,12978.36,12/12/2025 7:40,,9/3/2025 6:14
1049,684,35856.55,4/19/2025 8:08,Unpaid,3/29/2025 20:19
1050,279,25490.87,10/9/2025 6:44,paid,8/18/2025 18:58
1051,110,27795.2,3/27/2025 0:47,Unpaid,6/30/2025 8:01
1052,715,18213.35,6/12/2025 20:04,overdue,2/1/2025 12:10
1053,972,3409.4,1/16/2027 8:56,draft,11/13/2025 12:55
1054,,46885.942,4/2/2025 12:43,,12/27/2025 8:03
1055,416,11832.06,11/9/2025 10:45,PAID,8/21/2025 5:35
1056,85,4207.28,2/28/2025 6:31,,12/15/2025 4:44
1057,828,-7679.19511,7/2/2025 23:58,PAID,4/24/2025 4:15
1058,703,35029.22,3/10/2026 23:44,overdue,5/9/2025 5:08
1059,85,30756.73,3/16/2025 15:52,draft,11/17/2025 2:00
1060,608,0,8/26/2025 23:07,unpaid,6/29/2025 13:17
1061,659,25793.08,3/28/2025 21:53,paid,6/2/2025 18:41
1062,712,22680.17,4/29/2025 23:50,draft,6/12/2025 7:45
1063,868,16397.82,2/27/2025 18:10,paid,3/7/2026 20:33
1064,152,22501117544.56815,1/29/2025 12:31,,9/25/2025 2:04
1065,494,6218.66,9/18/2025 20:08,overdue,12/31/2025 1:32
1066,,7910.89,3/2/2026 15:40,overdue,6/1/2025 6:57
1067,675,39207.87,6/24/2025 14:41,,10/17/2025 10:31
1068,323,37600.55,,PAID,4/8/2025 7:45
1069,343,44222.53,8/23/2025 12:57,overdue,12/19/2025 8:42
1070,40,31613.74,11/7/2025 18:29,,1/2/2025 1:30
1071,993,10631.98,9/13/2025 19:12,overdue,7/26/2025 4:03
1072,605,30650,10/11/2025 23:56,,10/7/2025 6:33
1073,774,,8/17/2025 20:51,unpaid,7/4/2025 6:49
1074,475,30477.15,5/3/2025 9:41,Unpaid,6/24/2025 11:30
1075,,11550.7,4/9/2025 16:46,paid,7/26/2025 2:52
1076,842,19909.31,1/30/2025 13:21,overdue,7/27/2025 20:57
INVALID_ID,,43440.44,10/25/2025 18:54,overdue,10/26/2025 14:40
1078,595,33098.3,2/15/2025 0:00,draft,8/6/2025 18:36
1079,672,0,9/9/2025 5:00,,1/9/2025 0:51
1080,749,32907.11,6/11/2025 9:26,draft,3/21/2025 6:17
1081,784,15543.67,8/2/2025 2:04,unpaid,3/2/2025 10:00
1082,4,3392.52,10/22/2025 13:14,PAID,2/14/2025 0:41
1083,513,38998.92,2/17/2025 10:01,overdue,11/2/2025 1:21
1084,362,40349.43,4/8/2025 4:44,unpaid,1/25/2025 15:14
1085,535,26786.98,12/26/2025 2:57,,1/12/2025 13:39
1086,775,40383.02,6/6/2025 7:11,Unpaid,8/30/2025 4:50
1087,766,48809.25,11/21/2025 2:12,,8/5/2025 11:52
1088,658,N/A,,,1/7/2025 15:34
1089,665,,5/3/2025 9:35,unpaid,2/22/2025 1:42
,575,29684.99,8/3/2025 23:47,,2/16/2025 12:10
1091,856,12377.27,6/15/2025 7:15,unpaid,1/22/2025 7:49
1092,141,40803.1,4/20/2025 0:00,draft,1/29/2025 21:25
1093,511,,4/21/2025 17:50,unpaid,12/4/2025 16:22
1094,614,18190.354884843313,4/13/2025 14:31,,12/12/2025 0:33
1095,597,11652.82,11/23/2025 19:02,unpaid,11/12/2025 4:26
1096,892,14930.6,4/26/2025 13:19,draft,10/20/2025 3:57
1097,900,32929.09,1/21/2025 5:10,unpaid,
1098,44,18120.3,4/13/2025 15:17,Unpaid,2/1/2025 20:22
1099,941,43347.94,1/7/2025 13:00,PAID,3/7/2025 18:38
INVALID_ID,699,,7/23/2025 2:28,Unpaid,7/11/2025 7:51
1101,217,19483.21,4/24/2025 16:13,draft,8/18/2025 10:22
1102,276,42821.385,6/13/2025 4:46,,1/1/2025 13:32
1103,196,34595.87,11/13/2025 7:11,unpaid,9/18/2025 14:23
1104,237,37269.52,9/23/2025 15:58,Unpaid,4/18/2025 9:37
1105,668,5627.64,6/10/2025 12:45,Unpaid,6/23/2025 15:02
1106,999999,18500.97,5/28/2025 1:58,overdue,6/22/2025 4:53
1107,150,17723.59,11/30/2025 6:11,Unpaid,7/10/2025 6:19
1108,51,"1,234.56",10/31/2025 11:06,paid,10/18/2025 14:53
1109,999999,14431.78,3/10/2025 18:19,paid,7/3/2025 18:51
1110,601,15229.46,3/20/2025 0:44,overdue,11/23/2025 0:24
1111,165,21962651582.433628,10/31/2025 7:31,,5/30/2025 8:33
1112,522,7320.14,5/25/2025 0:25,unpaid,4/16/2025 13:28
1113,318,1112.95,12/10/2025 15:00,overdue,4/8/2025 21:43
1114,685,42806.92,12/26/2025 0:19,PAID,9/1/2025 16:54
1115,153,16436.1,8/4/2025 2:27,,1/1/2025 13:36
1116,751,38231.69,11/9/2025 11:21,Unpaid,9/2/2025 5:16
1117,617,17908.69,8/31/2025 13:52,Unpaid,6/11/2026 2:33
1118,483,26671.05,6/17/2025 7:33,paid,25-09-2025
1119,141,43340.92,6/10/2025 3:28,unpaid,2/9/2025 20:26
1120,452,11114.53,5/25/2025 0:49,overdue,1/5/2025 13:01
1121,288,44501.1,2/6/2025 7:19,Unpaid,8/26/2025 14:08
1122,811,37346.25,5/9/2026 16:14,overdue,7/30/2025 3:11
1123,,42118.14,3/26/2025 0:36,,2/8/2025 20:56
,948,104.64,12/29/2025 23:36,,8/5/2025 0:58
1125,100,28628.04,3/16/2025 18:38,PAID,4/1/2025 23:05
999999,201,9962.47,1/24/2025 19:07,Unpaid,8/29/2025 6:12
1127,935,18395.46,10/23/2025 13:53,draft,3/1/2025 18:43
1128,163,480.38,7/27/2025 0:11,draft,2/12/2025 3:31
1129,75,5511.14,11/12/2025 13:58,,12/11/2025 5:44
1130,609,28407.95,6/15/2025 0:13,,4/19/2025 10:06
1131,949,,6/7/2025 14:28,,12/27/2025 2:34
1132,816,45051.46,9/29/2025 22:59,unpaid,8/6/2025 12:10
1133,595,-40853.547,3/11/2025 19:47,Unpaid,11/7/2025 6:41
1134,521,0,7/29/2025 7:52,,7/23/2025 22:03
1135,341,N/A,7/10/2025 11:52,Unpaid,2/24/2025 6:12
1136,-1,7476.33,6/13/2025 22:27,unpaid,10/14/2025 12:14
,698,,,paid,10/29/2025 2:21
1138,830,"1,234.56",10/16/2025 5:47,unpaid,2/2/2025 2:11
1139,825,39204.12,6/29/2026 6:59,paid,10/7/2025 7:40
1140,389,39755.01,4/23/2025 13:42,overdue,3/3/2025 20:32
1141,615,27046.67,7/22/2025 19:27,unpaid,2/28/2025 11:28
,514,2218.75,1/16/2025 16:23,,2/15/2026 4:40
1143,678,12356.08,5/13/2025 14:54,overdue,7/25/2025 20:17
1144,126,7548.73,3/30/2025 11:40,,10/19/2026 19:59
1145,175,N/A,2025-13-01 25:61:00,,1/21/2025 14:20
1146,617,27957.29,11/2/2025 10:55,PAID,18-02-2025
1147,49,43276.04,7/25/2025 6:41,paid,4/12/2025 14:21
1148,878,27419.14,12/8/2025 22:25,Unpaid,5/27/2025 20:02
1149,INVALID_ID,"1,234.56",1/26/2025 10:47,draft,8/29/2025 10:11
1150,535,33507.81,6/8/2025 7:29,paid,4/5/2025 6:16
,134,36288.9,3/25/2025 1:27,overdue,2/1/2025 21:51
1152,400,49112.2,5/18/2025 17:49,,10/22/2025 5:53
1153,192,11531.05,5/13/2025 0:23,PAID,4/25/2025 2:43
1154,,4321.88,6/9/2025 16:35,overdue,7/19/2025 5:19
1155,518,1222.35,2/12/2025 7:37,PAID,11/19/2025 12:02
INVALID_ID,996,30543.75,9/19/2025 15:07,paid,4/23/2025 12:09
1157,874,10311.53,10/25/2025 2:44,Unpaid,11/18/2025 18:25
1158,905,19796.53,2/24/2025 22:05,unpaid,2/6/2025 17:30
1159,478,39389.92,8/24/2025 12:35,Unpaid,8/19/2025 10:07
-1,505,20309.23,2025-13-01 25:61:00,draft,2025-13-01 25:61:00
1161,86,30632.57,10/22/2025 12:47,draft,2/7/2025 0:19
1162,417,36042.27,,PAID,3/23/2025 1:15
1163,31,16795.97,8/2/2025 11:57,paid,4/5/2025 21:50
1164,653,13267.97,8/20/2025 11:47,draft,
999999,219,30526.16,1/15/2027 1:02,overdue,23-08-2025
1166,539,28793.90745768789,4/24/2025 11:54,draft,7/25/2025 18:55
1167,601,49846.95,11/13/2025 11:51,Unpaid,8/24/2025 13:37
1168,246,16826.04,2/5/2025 19:35,paid,9/28/2025 1:45
1169,134,20421.67,11/19/2025 4:16,paid,10/30/2025 3:39
1170,959,21825.03,1/19/2025 0:05,unpaid,2/15/2025 5:58
1171,,2203.71,1/22/2025 12:14,Unpaid,5/21/2025 7:45
1172,91,38160.54,9/23/2025 23:48,,10/17/2025 9:24
1173,787,44884.93,11/14/2025 10:41,PAID,6/19/2025 10:03
,868,38176.29,2/25/2025 9:05,overdue,4/23/2025 18:43
1175,248,27771.08,6/23/2025 18:20,,4/26/2025 21:39
INVALID_ID,935,44696871764.04549,1/18/2025 21:52,,8/27/2025 15:38
INVALID_ID,684,,12/21/2026 7:59,,8/8/2025 5:09
1178,297,,6/25/2025 23:16,PAID,6/6/2025 10:52
1179,639,21094.82,11/10/2025 19:45,overdue,11/19/2025 10:47
1180,615,33827.84,11/28/2025 17:44,overdue,2/26/2025 9:11
1181,394,28481183957.94347,8/8/2025 13:20,paid,10/27/2025 22:21
1182,634,42856.05,12/12/2025 20:25,PAID,11/22/2025 21:47
,302,38835.81,8/8/2025 0:04,paid,6/8/2025 9:08
1184,572,19959.89,10/24/2025 15:03,paid,9/7/2025 7:16
1185,317,49735.12,8/24/2025 15:08,,9/10/2025 12:12
1186,142,,11/14/2025 23:31,paid,12/15/2025 10:59
1187,999999,7208.57,8/25/2025 21:40,paid,8/2/2025 7:24
1188,416,18000.24,6/18/2025 14:31,unpaid,11/1/2025 7:41
1189,353,3732.93,1/6/2025 19:11,draft,2/8/2025 3:46
1190,150,40380.9,5/11/2025 19:41,unpaid,4/8/2025 20:09
1191,409,12105.98,5/1/2025 16:19,overdue,9/1/2025 3:07
1192,853,23973.02,1/3/2025 12:42,draft,8/22/2025 4:03
1193,65,5927.52,5/31/2025 8:50,unpaid,2/1/2025 12:58
-1,343,,1/26/2025 17:14,paid,8/26/2025 16:53
1195,645,42906.06,6/25/2025 23:32,PAID,12/2/2025 2:47
,597,32139.45,1/20/2025 12:49,Unpaid,9/5/2025 13:57
1197,508,29981.9,1/23/2025 14:17,,12/10/2025 20:51
1198,884,6588436185.240514,1/8/2025 13:24,unpaid,10/17/2025 15:56
,846,N/A,3/4/2025 12:21,unpaid,10/26/2025 16:39
1200,960,-26723.44771,3/17/2025 20:02,,4/1/2025 3:27
1201,954,35774.45,5/14/2025 21:13,draft,2/12/2025 5:16
1202,,42492.32,3/5/2025 19:08,unpaid,8/23/2025 3:41
1203,225,11974.85,9/18/2025 1:25,,7/12/2025 12:42
1204,999999,0,9/17/2025 9:03,overdue,4/13/2025 18:14
1205,173,16218830931.071213,6/3/2025 15:09,paid,11/14/2025 11:17
1206,55,10324.03,2/9/2025 11:07,unpaid,12/27/2025 6:38
1207,810,25718.2,,PAID,9/6/2025 4:29
1208,841,41383.40684400023,3/17/2025 2:28,draft,3/8/2025 15:36
1209,850,36588.3,4/1/2025 19:46,Unpaid,12/6/2025 17:06
1210,118,8943.11,5/4/2025 16:05,,3/30/2025 21:34
999999,,39301.82,10/7/2025 7:16,draft,9/22/2025 9:00
1212,490,20192.7,4/2/2025 15:12,PAID,12/1/2025 0:43
-1,3,7267.11,3/8/2025 9:16,,5/8/2025 8:09
1214,403,,5/11/2025 2:54,,12/30/2025 22:01
1215,584,3735.82,12/30/2025 22:05,PAID,5/8/2025 3:31
1216,774,2067.8,10/28/2025 0:52,Unpaid,6/16/2025 23:31
1217,803,"1,234.56",12/13/2025 11:41,,2025-13-01 25:61:00
1218,748,42104.02,10/7/2025 7:19,overdue,7/17/2025 0:56
1219,306,16952.28,7/18/2025 22:06,unpaid,9/9/2025 9:00
1220,642,22948.48,2025-13-01 25:61:00,,2/5/2025 14:23
1221,917,22434.2,7/29/2025 10:21,PAID,1/11/2025 4:22
1222,390,-48179.82955,9/1/2025 19:41,,7/12/2025 4:47
1223,555,31219.7,7/16/2025 10:26,PAID,11/22/2025 1:49
1224,591,N/A,9/7/2025 20:02,paid,6/4/2025 19:09
1225,812,2688.41,1/12/2025 14:40,,10/21/2025 10:23
1226,635,N/A,9/19/2025 8:55,overdue,12/16/2025 10:26
1227,351,13489.29,7/23/2025 8:09,draft,3/18/2025 3:51
1228,627,31951.23,2/21/2025 16:33,overdue,11/3/2025 15:00
-1,888,27354.49,8/11/2025 8:58,,6/7/2025 5:57
1230,697,9411.43,10/8/2025 13:27,,3/11/2025 2:08
1231,172,8675.67,3/28/2025 1:56,Unpaid,5/14/2025 8:01
1232,379,43036.47,2/11/2025 5:57,draft,5/24/2025 9:29
1233,502,47817.32,8/5/2025 23:19,,10/21/2025 14:19
1234,845,479.36,8/31/2025 0:27,unpaid,12/26/2025 17:54
-1,614,2439.8,10/1/2025 16:09,Unpaid,4/15/2025 12:30
1236,373,15448.27,6/26/2025 4:34,,3/20/2025 13:32
1237,375,10801.93,10/10/2025 15:58,unpaid,4/3/2025 11:42
1238,,47994.03,11/25/2025 18:55,unpaid,4/21/2025 2:12
1239,37,8948.51,7/25/2025 12:36,unpaid,9/28/2025 7:55
1240,62,41762.12,1/3/2025 14:41,PAID,4/2/2025 6:27
1241,878,20169.46,12/30/2025 4:27,draft,7/16/2026 14:10
1242,792,20834.08,7/29/2025 7:03,overdue,12/1/2025 23:56
1243,346,49159.38,4/19/2025 14:11,,10/12/2025 15:00
1244,816,39401.63,4/22/2025 20:39,PAID,4/29/2025 6:32
1245,-1,34689.69,1/10/2025 20:42,paid,2025-13-01 25:61:00
1246,315,11555.71,1/4/2025,Unpaid,2/20/2025 22:12
1247,999999,16366.34,,,2025-13-01 25:61:00
1248,649,36933.94,4/21/2025 6:13,draft,5/30/2025 20:09
1249,503,48158.45,12/30/2025 18:14,,12/16/2025 2:03
1250,973,20722.64,2/20/2025 9:13,PAID,12/23/2025 23:56
1251,INVALID_ID,11000.09,10/2/2025 18:59,unpaid,10/14/2025 5:46
,130,7246.31,1/3/2025 18:01,unpaid,1/23/2025 21:46
1253,93,20826.86,3/21/2025 5:01,,2025-13-01 25:61:00
1254,483,35337.72,3/10/2025 17:12,,7/6/2025 10:39
1255,997,31423.95,5/28/2025 3:41,paid,5/7/2025 9:16
INVALID_ID,837,33522.23,12/16/2025 9:21,Unpaid,10/11/2025 7:57
1257,890,22032.872,7/2/2025 1:16,,9/24/2025 23:48
1258,735,46297.17,3/14/2025 7:01,paid,5/7/2025 12:53
1259,979,30778.98,12/9/2025 8:43,unpaid,10/12/2025 14:14
1260,875,32053.84,8/2/2025 20:30,PAID,5/7/2025 6:10
1261,251,42799.38,5/5/2025 8:30,overdue,4/14/2025 14:33
1262,661,37208.63,3/4/2025 17:51,overdue,4/6/2025 23:28
1263,268,28922.69,7/13/2025 10:47,unpaid,3/12/2025 2:00
1264,869,21995.92,3/9/2025 16:52,PAID,1/22/2025 12:42
1265,611,26397.3,2/13/2025 16:41,,2/23/2025 16:49
1266,937,,9/20/2025 5:30,unpaid,2/22/2025 7:38
1267,810,2809.1,1/15/2025 14:59,overdue,10/23/2025 13:00
1268,963,23333.54,12/2/2025 9:33,,9/23/2025 11:35
1269,722,33400.66,4/2/2025 23:05,draft,25-12-2025
1270,769,N/A,1/7/2025 17:35,overdue,4/2/2025 18:21
1271,835,39733.01,28-06-2025,PAID,3/23/2025 13:49
1272,951,1239744951.3476083,8/13/2025 3:47,,2025-13-01 25:61:00
1273,490,43406.06,1/23/2025 0:22,Unpaid,
1274,-1,34370,8/25/2025 9:28,PAID,7/9/2026 11:56
1275,999999,7954.49,12/25/2025 20:11,,6/9/2025 6:30
1276,999999,38591.71,2/15/2025 0:34,draft,2/10/2025 14:03
1277,124,1692676228.135087,5/14/2025 4:25,,12/29/2025 2:37
1278,765,1947.45,6/17/2025 13:23,Unpaid,
1279,667,40581.84,2/10/2025 5:53,overdue,3/10/2025 9:43
1280,809,19799.71,12/25/2025 1:00,paid,8/12/2025 20:42
1281,154,,11/16/2025 17:08,,5/16/2025 22:00
1282,68,,12/28/2025 10:45,,2/19/2025 18:56
1283,,4948.69,2/16/2025 1:54,Unpaid,6/14/2025 14:40
1284,553,15416.56,3/24/2025 8:06,overdue,1/30/2025 2:34
1285,27,-24144.43757,2/17/2025 19:29,PAID,7/6/2025 3:29
,62,31009.3,10/8/2025 5:18,draft,6/15/2025 12:27
1287,999999,43014.54,12/16/2025 23:02,,4/12/2025 9:16
,900,32137.85,10/3/2025 20:46,paid,5/12/2026 23:20
1289,372,20336.45,12/22/2025 1:01,,5/24/2025 3:17
1290,INVALID_ID,22196.33,5/16/2025 3:53,draft,11/24/2025 14:02
1291,492,6929.27,6/29/2025 7:47,unpaid,1/18/2025 3:15
1292,817,6219.58,11/10/2025 1:21,draft,8/4/2025 2:11
1293,283,"1,234.56",8/24/2026 12:04,paid,7/20/2025 17:24
-1,376,N/A,10/7/2025 12:57,,1/10/2025
1295,,22702.86,6/29/2025 9:39,,1/31/2025 22:55
1296,295,26581.64,4/27/2025 14:24,draft,3/9/2025 22:56
1297,18,9168.12,7/25/2025 2:27,,6/15/2025 9:45
1298,,,3/19/2025 6:29,Unpaid,8/24/2025 17:18
INVALID_ID,942,46106.27,12/12/2025 12:00,PAID,1/31/2025 15:42
1300,247,35003.91,2/17/2026 11:03,overdue,6/6/2025 12:05
1301,989,29506.78,11/5/2025 18:54,,8/17/2025 13:21
1302,936,1080.43,8/16/2025 9:51,unpaid,11/15/2025 16:03
,879,34852.26,5/3/2025 8:27,unpaid,5/3/2025 23:32
1304,626,1991.1,9/9/2025 2:36,,12/27/2025 21:20
1305,542,31980.19,3/19/2025 3:40,,9/24/2025 2:06
1306,618,14701.54,5/29/2025 8:32,PAID,3/25/2025 23:54
1307,497,13382.09,3/9/2025 15:37,draft,3/13/2025 1:49
1308,528,29796.55,12/21/2025 4:10,,
1309,933,44182.91,9/14/2025 10:38,Unpaid,8/5/2026 11:15
1310,926,0,1/22/2025 7:54,paid,9/2/2025 23:42
1311,98,45106.63,11/7/2025 8:57,,9/23/2025 18:34
1312,526,44259.05,6/24/2025 5:04,unpaid,2/2/2025 10:17
-1,749,25232.11,4/23/2025 12:49,paid,11/13/2025 15:19
1314,560,44718.76,2/23/2025 16:29,unpaid,6/25/2025 6:20
1315,535,46362.4,6/21/2025 0:23,,6/19/2025 23:21
1316,64,N/A,7/4/2025 4:52,unpaid,11/18/2025 21:04
1317,390,15047.83,10/24/2025 22:40,unpaid,12/29/2025 18:53
1318,691,"1,234.56",9/18/2025 8:41,PAID,6/29/2025 22:49
1319,966,46517.73,10/9/2026 18:15,paid,8/17/2025 16:24
1320,265,4513.01,2/13/2025 16:30,paid,7/11/2025 23:43
1321,182,33742.2,8/3/2025 20:18,,10/8/2025 17:35
1322,954,39913.42,9/18/2025 5:07,PAID,4/24/2025 17:33
1323,949,32018.73,5/27/2025 3:30,Unpaid,10/7/2025 18:11
1324,27,"1,234.56",,,2/9/2025 16:39
1325,956,38026.46,6/7/2025 22:04,PAID,1/1/2025 3:11
1326,809,13369.32,9/28/2025 13:36,paid,12/8/2025 21:18
1327,405,49530.7,6/22/2025 21:19,unpaid,2025-13-01 25:61:00
1328,92,10801.14,8/16/2025 18:33,Unpaid,5/19/2025 22:26
1329,656,49929.09,10/5/2025 13:48,Unpaid,3/24/2025 20:30
1330,1,N/A,4/9/2025 20:13,unpaid,6/5/2025 13:56
1331,23,18079.78,10/19/2025 10:56,PAID,4/12/2025 19:43
1332,326,43664.79,2025-13-01 25:61:00,draft,6/6/2025 3:30
1333,759,45586.55,10/27/2025 23:17,overdue,8/19/2025 21:34
1334,,27097.99,1/2/2025 2:34,,11/20/2025 15:10
1335,82,20743.6,2/10/2025 14:48,,8/30/2025 18:33
1336,386,27341.16,7/29/2025 2:17,Unpaid,9/29/2025 10:02
1337,634,15649.63,8/9/2025 6:53,unpaid,5/8/2025 2:54
1338,322,2560.096,2/22/2025 8:07,PAID,1/23/2025 18:04
1339,370,46444.54,1/18/2025 6:39,unpaid,4/7/2025
1340,64,29840.73,8/4/2025 15:12,Unpaid,6/13/2025 14:19
,727,5090.41,5/8/2025 5:57,paid,5/28/2025 4:22
1342,609,28662.75,4/27/2025 0:12,overdue,4/15/2026 11:43
INVALID_ID,385,13771.19,12/1/2025 14:21,draft,6/17/2025 12:22
1344,809,8175.28,12/28/2025 17:12,draft,12/3/2025 0:02
1345,349,1556.29,4/30/2025 19:37,Unpaid,3/16/2025 16:14
1346,30,12201.58,4/11/2025 5:33,draft,11/1/2025 4:41
,789,-35059.8612,6/3/2025 23:33,,3/30/2025 21:31
1348,955,8097.18,3/9/2025 22:15,PAID,10/23/2025 22:41
-1,903,32866.54,2/22/2025 4:06,unpaid,2025-13-01 25:61:00
1350,288,5085.74,11/27/2025 19:13,overdue,7/27/2025 3:43
1351,,45231.42,2/12/2025 1:52,draft,7/6/2025 21:06
,131,4048.69,12/9/2025 17:17,,12/28/2025 10:59
-1,822,6832.01,11/4/2025 18:53,PAID,9/6/2025 0:07
1354,999999,8314.73,4/8/2025 13:37,,5/13/2025 21:04
1355,603,43333.28,6/29/2025 2:44,PAID,5/24/2025 2:37
1356,180,6257.95,10/19/2025 17:29,,12/8/2025 5:36
1357,973,1668.63,4/9/2025 19:46,,4/21/2025 18:19
1358,150,0,2/24/2025 8:22,PAID,12/29/2025 23:36
1359,789,38290.96,7/10/2025 18:48,unpaid,6/25/2025 1:17
1360,783,33258.45,9/21/2025 12:14,,2025-13-01 25:61:00
1361,569,34285.64,12/15/2025 15:32,paid,9/12/2025 9:33
1362,69,19412.54,1/17/2025 4:41,Unpaid,1/13/2025 21:26
1363,236,27311.4,4/14/2025 14:25,Unpaid,5/9/2025 13:22
1364,,46049.54,9/4/2025 8:44,unpaid,10/5/2025 17:43
1365,518,45259.65,5/15/2025 2:48,overdue,4/9/2025 16:24
1366,369,21432.12,3/23/2025 15:49,,25-09-2025
999999,223,39235.48308289279,9/7/2025 5:53,,4/4/2025 13:34
1368,550,25166.73,12/6/2025 11:30,draft,11/9/2025 4:56
1369,601,38842.92,10/24/2025 20:06,paid,4/29/2025 20:49
,593,41891.770973199076,11/23/2025 2:59,PAID,4/9/2025 13:31
1371,92,49326.13,5/29/2025 2:19,PAID,4/15/2025 0:04
1372,571,"1,234.56",4/2/2025 10:42,unpaid,2/28/2025 14:56
1373,676,1601.17,3/3/2025 0:25,Unpaid,3/8/2025 22:54
1374,51,27896.59,2/26/2025 14:04,unpaid,1/6/2025 18:54
1375,,34614.08,6/18/2025 12:53,paid,2025-13-01 25:61:00
1376,612,27949.61,7/6/2025 17:48,unpaid,1/5/2025 8:25
1377,194,39863.29,12/23/2025 5:34,overdue,12/27/2025 14:46
1378,-1,N/A,7/7/2025 10:02,PAID,3/17/2025 17:24
1379,603,33846.432488607345,1/2/2025 10:01,paid,6/27/2025 11:57
1380,,40886.75,5/8/2025 22:27,draft,6/19/2025 22:07
1381,925,21851.99,9/17/2025 14:19,overdue,5/2/2025
1382,403,0,2/5/2025 1:37,Unpaid,
,332,30744.51,8/18/2025 17:00,,1/17/2025 7:04
1384,792,9812.9,3/20/2025 13:35,PAID,5/27/2025 18:28
1385,637,19481.87,1/6/2025 23:47,draft,8/5/2025 17:13
1386,999999,26504.02,9/6/2025 21:02,unpaid,2025-13-01 25:61:00
999999,440,0,6/26/2025 11:58,paid,9/27/2025 5:13
1388,-1,21637.49,5/20/2025 5:31,PAID,
1389,567,38076.52,8/11/2025 0:04,PAID,1/29/2025 6:54
1390,523,47871.11,6/27/2025 10:47,unpaid,9/18/2025 13:50
1391,395,39224.511932015055,9/19/2025 8:34,PAID,4/19/2025 20:52
-1,413,21843.55,2/24/2025 17:24,,5/10/2025 19:35
1393,55,44093.91,4/13/2025 15:46,,4/14/2025 11:02
,567,14753.06,12/26/2026 6:50,draft,10/30/2025 17:29
INVALID_ID,592,42243.75,,paid,12/31/2025 7:41
1396,409,35235.92,4/17/2025 20:12,,3/8/2025 16:08
1397,868,49594.79,12/24/2025 2:45,,12/11/2025 15:23
1398,INVALID_ID,24325.19,12/21/2025 8:18,PAID,3/4/2025 11:51
INVALID_ID,247,0,12/29/2025 17:08,,1/3/2025 10:13
1400,360,32109.87,1/23/2025 21:56,,1/1/2025 9:33
1401,908,49054.64,5/3/2025 7:51,unpaid,10/18/2025 7:29
-1,233,43123.51,11/15/2025 18:33,Unpaid,2025-13-01 25:61:00
1403,441,,7/7/2025 21:57,unpaid,12/7/2025 16:37
1404,576,34986.43,9/8/2025 19:50,,6/10/2025 11:20
-1,886,17296.23,4/19/2025 8:44,unpaid,6/10/2025 13:20
1406,640,25782053022.77359,7/4/2025 3:15,overdue,11/11/2025 22:28
INVALID_ID,790,3629.09,1/18/2025 15:11,draft,3/28/2025 3:07
1408,914,48543.93,10/10/2025 20:55,overdue,7/23/2025 12:12
1409,346,7654.06,6/7/2025 12:45,draft,1/16/2025 2:44
1410,603,49487.35,12/13/2025 0:40,Unpaid,8/1/2025 11:55
1411,820,46064.75,9/2/2025 21:49,overdue,6/7/2025 15:11
1412,339,22331.25,4/18/2025 11:01,draft,5/20/2025 20:25
1413,82,19913.59,3/12/2025 23:33,paid,2025-13-01 25:61:00
1414,924,5446.29,9/29/2025 18:57,paid,9/16/2025 16:20
1415,240,4258.399633611676,10/30/2025 11:57,draft,2/6/2025 19:10
1416,146,14817.1,9/22/2025 20:29,PAID,3/7/2025 7:38
,636,11767.01,12/29/2025 0:25,unpaid,9/23/2025 2:10
,85,9193.82,11/1/2025 20:06,,12/5/2025 14:54
1419,881,40641.56,1/31/2025 15:46,,3/25/2025 8:12
1420,929,48333.96,9/24/2025 13:39,,9/4/2025 2:39
1421,449,47797.5,10/25/2025 2:10,Unpaid,11/24/2025 23:32
INVALID_ID,51,35444.02,5/23/2025 4:50,Unpaid,9/16/2025 19:33
1423,10,14463.5,3/25/2025 23:25,paid,3/20/2025 22:33
1424,4,N/A,3/25/2025 7:24,overdue,26-01-2025
1425,629,47775.05,5/11/2025 19:18,PAID,7/31/2025 19:54
1426,250,34332.63,1/18/2025 17:59,unpaid,2/17/2026 21:59
1427,584,,8/10/2025 19:54,paid,1/29/2025 14:49
1428,489,38936.87,7/6/2025 0:26,PAID,10/6/2025 7:43
1429,199,14519.9,5/26/2025 14:57,paid,1/2/2025 1:54
1430,777,7943.06,3/26/2025 15:35,,
1431,389,6587.39,4/22/2025 0:29,overdue,3/13/2025 8:51
,678,35152576870.299934,11/3/2025 12:35,,11/29/2025 10:36
1433,,2087.71,6/13/2025 19:02,paid,5/19/2025 7:44
1434,983,45684.87,,unpaid,2/4/2025 7:49
1435,814,46383.17,9/21/2025 10:34,,5/10/2025 17:52
1436,570,27197.22,8/8/2025 15:42,unpaid,3/8/2025 9:45
1437,434,19822.54,11/24/2025 10:51,PAID,
,469,0,6/29/2025 9:37,paid,9/27/2025 20:57
1439,999999,40077.54,3/29/2025 15:12,paid,3/12/2025 6:24
1440,173,39783.56,8/3/2025,unpaid,7/22/2025 19:45
1441,5,28320.62,10/28/2025 3:02,draft,3/24/2025 2:43
1442,-1,29468.21,10/19/2025 3:00,,3/7/2025 1:01
1443,570,35470.6,10/28/2025 6:03,Unpaid,7/5/2025 22:16
1444,619,3451.72,8/25/2025 9:05,,12/16/2025 5:17
1445,340,-15618.48786,2/7/2025 6:32,PAID,3/7/2025 7:00
1446,INVALID_ID,27604.87,7/28/2025 9:58,Unpaid,2/22/2025 12:48
1447,-1,14009.36,9/12/2025 7:29,PAID,12/26/2025 1:28
999999,INVALID_ID,48699.51,8/13/2025 4:35,Unpaid,
1449,643,6466.28,1/20/2025 16:37,PAID,3/27/2025 1:23
1450,450,42539.276,12/7/2025 3:08,,10/6/2025 18:52
1451,778,4767.5,1/19/2025 6:23,draft,
1452,59,39673.05,11/18/2025 15:10,,5/19/2025 4:50
1453,626,0,1/9/2025 21:36,unpaid,6/11/2025 10:42
1454,999999,23536.86,9/29/2026 4:04,PAID,8/15/2025 1:00
1455,123,1555.66,10/16/2025 2:46,overdue,1/26/2025 23:22
1456,155,40092.78,2/16/2025 0:38,paid,8/18/2026 14:28
1457,907,42077.8,12/19/2025 9:41,paid,5/29/2025 19:21
1458,-1,25656.03,21-05-2025,overdue,10/30/2025 10:58
1459,,48269.08,3/18/2025 6:05,Unpaid,10/6/2025 13:31
1460,9,"1,234.56",3/15/2025 16:48,PAID,5/30/2025 15:37
1461,-1,48436.01,11/2/2025 4:28,PAID,12/24/2025 3:37
1462,671,16096.01,2/9/2025 9:13,paid,7/27/2025 7:23
1463,609,30923.19,12/28/2025 7:04,Unpaid,10/9/2025 7:28
1464,87,28587.59,3/27/2025 16:10,,11/9/2025 15:07
1465,989,14158.5,3/14/2025 11:47,paid,5/22/2025 14:58
1466,267,N/A,9/25/2025 18:49,unpaid,10/2/2025 8:10
1467,542,1496.67,4/14/2025 17:19,,10/30/2025 6:51
1468,578,25019.04,6/5/2025 21:06,overdue,10/8/2025 7:09
1469,651,10048.48,6/19/2025 13:16,,11/29/2025 22:06
1470,746,25189.21,1/25/2025 16:37,overdue,19-02-2025
1471,,,5/9/2025 22:50,overdue,7/17/2025 7:19
1472,779,7215.51,5/25/2025 3:58,draft,4/28/2025 7:39
1473,874,775.96,4/18/2025 6:13,,10/29/2025 17:24
1474,273,6214.74,1/21/2025 10:37,overdue,9/10/2025 16:38
INVALID_ID,812,47053.84,4/27/2025 21:29,overdue,3/24/2025 21:52
1476,581,32923.5,2/10/2025 11:40,paid,1/12/2025 15:30
1477,125,26588.43,3/6/2025 20:39,unpaid,1/31/2025 20:04
1478,95,27893.37,3/23/2025 5:05,overdue,10/15/2025 1:08
1479,928,23086.67,9/22/2025 4:38,,1/19/2025 21:04
1480,989,32440.43,1/10/2025 19:57,draft,11/6/2025 9:09
1481,152,22291.01,8/13/2025 4:52,,6/7/2025 23:04
1482,115,3191.08,12/26/2025 5:37,,11/13/2025 15:03
1483,INVALID_ID,46385.82,9/10/2025 1:50,paid,2025-13-01 25:61:00
1484,877,-36501.46241,3/14/2025 8:31,Unpaid,2/16/2025 13:41
1485,233,34645.756,12/23/2025 16:47,draft,7/25/2025 11:26
1486,507,45430.81,3/18/2025 22:34,,5/17/2025 8:09
999999,401,36070.21,3/14/2025 10:11,,11/1/2025 12:16
1488,383,17677.22,9/14/2025 0:52,Unpaid,2/27/2025 14:48
1489,790,11419.29,12/14/2025 1:09,PAID,1/1/2025 13:16
-1,708,44730.66,10/31/2025 15:27,PAID,3/30/2025 0:24
1491,359,23530.16735,1/20/2025 0:17,,1/18/2025 16:39
,510,6127.58,3/3/2025 12:20,Unpaid,2025-13-01 25:61:00
1493,128,5078.86,11/16/2025 20:45,Unpaid,12/13/2025 18:52
1494,648,35333.74,7/11/2025 11:02,draft,12/25/2025 11:22
1495,881,20186.61,6/21/2025 21:28,PAID,2/26/2025 8:52
1496,222,49125333649.09169,3/4/2025 16:13,paid,9/4/2025 12:12
1497,260,17370.7,11/30/2025 5:44,PAID,10/6/2025 14:13
1498,647,9014.05,7/12/2026 7:07,PAID,11/15/2025 20:46
INVALID_ID,346,32838.88,4/5/2025 1:52,,12/2/2025 17:39
1500,999999,2865.55,11/4/2025 23:08,unpaid,11/18/2025 10:28
1501,323,27988.64,2/17/2025 9:21,,
1502,226,8808.29,7/17/2025 13:35,draft,3/31/2025 0:39
-1,673,3256.55,11/4/2025 2:21,,5/4/2025 15:53
1504,179,33018.44,6/16/2025 6:21,overdue,28-01-2025
1505,690,,12/29/2025 11:24,draft,8/19/2025 1:48
1506,462,17951.86,7/5/2025 7:27,PAID,1/8/2025 1:15
1507,163,3648.92,7/12/2025 16:16,unpaid,2/28/2025 3:02
1508,586,35850.98,8/29/2025 21:39,,2025-13-01 25:61:00
1509,486,8332.19,7/7/2025 22:01,PAID,2/21/2025 4:56
1510,,47961.28,7/25/2025 23:51,,9/9/2025 22:46
1511,861,10479.44,8/11/2025 0:18,overdue,3/20/2025 20:14
1512,789,N/A,7/19/2025 0:47,,3/12/2025 13:27
1513,999999,3555.73,10/28/2025 19:45,draft,4/16/2025 17:54
1514,468,,,draft,8/6/2025 23:20
1515,558,21819.4,8/11/2025 7:06,,12/25/2025 14:18
,430,19344.28,9/26/2025 5:06,overdue,11/30/2025 4:12
1517,251,34981.68,1/15/2025 14:47,draft,4/16/2025 18:56
1518,986,4046,8/8/2025 14:12,PAID,8/10/2025 2:21
1519,,18610.99,1/4/2025 2:09,,2/12/2025 18:24
1520,424,21385.67,1/31/2025 10:23,overdue,12/22/2025 19:16
1521,861,16836.42,12/25/2025 7:17,draft,4/7/2025 7:39
1522,269,47110.57,3/27/2025 23:39,overdue,2/11/2025
1523,999999,28512.34,4/5/2025 23:43,Unpaid,11/20/2025 19:25
1524,283,14325.94,4/15/2025 17:13,overdue,1/7/2025 16:05
1525,674,8649.73,8/19/2025 10:09,draft,2/19/2025 19:52
1526,958,28823.41,9/7/2025 12:57,overdue,2/8/2025 17:49
,9,38036.42,1/24/2025 18:27,unpaid,12/1/2025 3:42
1528,335,42596.12,4/22/2025 11:38,draft,5/24/2025 21:43
1529,136,6370.48,1/17/2025 15:57,draft,11/26/2025 10:19
999999,152,-11249.95879,1/11/2025 15:15,,2/11/2025 9:55
1531,752,16732.59,5/19/2025 8:23,draft,3/15/2025 21:51
1532,694,48195.73,6/17/2025 2:09,unpaid,12/25/2025 8:10
-1,71,18088.76,4/11/2025 17:32,draft,5/31/2025 15:21
1534,957,18612.23,4/26/2025 4:43,Unpaid,11/18/2025 21:06
1535,759,42912.97,6/27/2025 16:23,overdue,6/7/2025 21:34
1536,309,22593.04,7/15/2025 21:40,draft,10/31/2025 11:27
1537,34,45090.17,5/2/2025 20:45,PAID,8/10/2025 0:13
INVALID_ID,597,7734.23,2/4/2025 19:47,,6/20/2025 3:53
1539,270,1973.24,6/8/2026 16:58,Unpaid,7/28/2025 9:06
1540,,8183.15,4/19/2025 20:52,,3/12/2025 8:39
,894,37962.92,2/21/2025 20:05,PAID,8/31/2025 4:27
1542,17,20123.51,3/25/2025 16:51,paid,2025-13-01 25:61:00
,419,3479.27,9/18/2025 7:54,,5/22/2025 19:54
INVALID_ID,877,38817.7,5/15/2025 21:45,,4/7/2025 17:59
1545,285,0,12/17/2025 21:20,Unpaid,10/13/2025 8:03
1546,836,11825.89,10/6/2025 8:29,PAID,1/19/2025 2:57
1547,70,39997.79,11/6/2025 14:06,paid,2/5/2025 6:56
1548,168,-6706.897227,6/29/2026 23:24,draft,12/22/2025 20:27
1549,560,38831.77677487006,12/23/2025 6:16,,5/5/2025 17:00
1550,638,30075.94,12/26/2025 11:46,draft,5/20/2025 17:12
1551,894,7788.9,9/2/2025 5:58,unpaid,3/11/2025 20:35
1552,822,39118.86,6/3/2025 2:14,overdue,10/4/2025 18:01
999999,758,12445.53,3/14/2025 20:48,unpaid,11/5/2025 12:36
1554,89,6049.37,8/23/2026 10:17,,9/25/2025 7:58
1555,761,33513.52,16-12-2025,paid,12/2/2025 3:18
1556,37,46633.37,5/17/2025 21:44,overdue,9/27/2025 16:41
1557,753,38239.47,3/9/2025 1:20,,5/31/2025 14:39
1558,571,8261.13,4/23/2025 8:06,unpaid,5/26/2025 21:35
1559,702,29596.02,11/27/2025 2:32,Unpaid,10/15/2025 9:39
1560,837,48810.48,6/21/2025 23:22,paid,4/29/2025 8:19
1561,521,,2025-13-01 25:61:00,PAID,1/5/2025 0:13
1562,387,0,10/25/2025 12:27,Unpaid,11/3/2025 0:54
1563,639,9164.8,9/13/2025 12:22,,6/10/2025 19:49
1564,944,16013.45,12/21/2025 4:54,PAID,1/7/2025 19:27
999999,358,7173.82,1/11/2025 18:54,PAID,2/28/2025 14:34
1566,331,47757.01,4/30/2026 19:19,,5/3/2025 15:30
1567,412,12293.75,11/12/2025 11:46,draft,3/8/2025 22:30
1568,681,9076.28,1/30/2025 12:21,overdue,8/31/2025 3:27
1569,565,9807.13,3/28/2025 14:50,paid,1/17/2025 22:28
1570,872,-42791.40479,9/7/2025 11:17,PAID,2/6/2025 15:30
1571,79,14874.02,12/10/2025 2:13,,7/29/2025 1:33
1572,428,49572.55,1/4/2025 6:37,unpaid,7/26/2025 3:46
1573,60,49442.21,11/22/2025 3:00,paid,1/17/2025 12:52
1574,951,46628.65,7/23/2025 15:55,,7/22/2025 6:01
999999,398,14160.27,10/18/2025 20:34,unpaid,8/20/2025 9:11
1576,304,5678473727.887112,12/28/2025 5:44,PAID,11/3/2025
1577,313,"1,234.56",4/9/2025 5:31,unpaid,4/20/2025 6:52
1578,940,38647.03,2/13/2025 11:08,,3/1/2025 14:01
999999,625,30687.02,7/24/2025 14:33,PAID,7/19/2025 11:54
,,11045.07,2025-13-01 25:61:00,PAID,
,959,8148.55,7/31/2025 6:11,unpaid,1/2/2025 11:52
1582,830,12289.16,4/2/2025 5:49,paid,12/30/2025 5:47
1583,948,40534.8,10/30/2025 6:46,paid,1/24/2025 3:53
1584,443,22923.69,4/5/2025 18:51,PAID,11/24/2025 17:07
1585,904,30509.75,11/3/2025 15:38,Unpaid,3/25/2025 7:11
1586,-1,16877.502,9/3/2025 2:20,draft,3/10/2025 18:04
1587,445,48260.09888925312,1/29/2025 21:19,PAID,3/20/2025 2:37
1588,157,27074.16,3/28/2025 22:01,PAID,6/29/2025 1:38
1589,65,16335.81,10/13/2025 22:39,paid,6/7/2025 16:45
1590,395,2268.09,10/8/2025 22:07,PAID,1/3/2025 10:28
1591,536,32744.04,27-10-2025,PAID,7/1/2025 9:35
1592,120,25208.082,8/19/2025 11:04,Unpaid,7/30/2025 2:39
1593,510,33810.29,11/16/2025 4:44,draft,5/27/2025 8:41
1594,409,38209.6,5/18/2025 10:36,unpaid,2/23/2025 17:39
1595,632,28318.67,5/14/2025 8:59,overdue,9/18/2025 15:41
1596,783,14963290001.757904,12/1/2025 15:11,,4/15/2025 3:01
,633,29554.26,1/25/2025 10:32,draft,2025-13-01 25:61:00
1598,801,15418.98,4/9/2025 23:56,overdue,6/7/2025 12:43
1599,199,40118.93,2/13/2025 16:59,Unpaid,4/23/2025 5:26
1600,646,19993.53,11/10/2025 23:05,draft,4/24/2025 18:39
1601,272,592.83,9/15/2025 10:30,draft,
1602,122,"1,234.56",2/24/2025 4:36,paid,6/4/2025 1:34
1603,INVALID_ID,42009.38,7/27/2025 15:13,,7/21/2025 23:31
1604,570,28699.41,9/16/2025 13:00,,7/7/2025 8:55
1605,565,29790.72,11/20/2025 15:55,unpaid,8/3/2025 21:25
1606,,46280.17,5/24/2025 21:51,paid,1/1/2025 5:53
1607,738,33973.37537947686,12/12/2025 2:23,,9/8/2025 12:17
1608,974,14709.91,10/25/2025 23:19,,7/30/2025 5:51
1609,302,28517.16,7/6/2025 8:32,paid,9/11/2025 20:15
999999,425,N/A,9/3/2025 1:33,draft,5/25/2025 14:39
1611,237,14851.76,4/8/2025 21:24,paid,6/2/2025 18:42
1612,978,45129.11,12/22/2025 22:49,overdue,1/15/2025 23:57
1613,999999,45517.04,6/19/2025 9:33,PAID,5/3/2025 11:59
1614,189,9121.92,5/9/2025 20:27,overdue,6/20/2025 17:09
1615,315,19501,9/23/2025 22:11,,8/20/2025 23:07
1616,175,41222.07,3/29/2025 11:14,,11/19/2025 12:13
1617,342,"1,234.56",11/18/2025 21:54,paid,1/2/2025 6:59
1618,675,4661.09,12/27/2025 21:39,,4/2/2025 23:24
1619,649,24783.21,4/16/2025 3:06,Unpaid,8/28/2025 19:22
1620,692,16303.73,9/17/2025 15:44,,2/24/2025 8:21
INVALID_ID,999999,25167.62,8/27/2025 19:43,unpaid,1/22/2025 6:12
1622,873,18227.31,4/11/2025 7:46,overdue,4/15/2025 13:32
1623,654,38641.63,12/6/2025 8:49,overdue,2/13/2025 13:10
1624,122,15083.98,8/10/2025 18:48,overdue,4/23/2025 9:15
1625,38,24467.69,3/28/2025 7:28,Unpaid,6/13/2025 14:39
1626,705,41292.36,8/22/2025 8:33,draft,2025-13-01 25:61:00
,548,40623.04,5/17/2025 22:42,,7/30/2025 23:58
1628,848,9279.33,5/2/2025 17:40,,9/26/2025 13:20
1629,677,16439.14,11/12/2025 9:57,paid,2/9/2025 10:18
1630,365,23970.47,12/4/2025 14:59,unpaid,10/13/2025 12:45
1631,956,40472.7,1/26/2025 8:40,Unpaid,3/23/2025 12:24
1632,620,44444.07,6/16/2025 23:59,,1/21/2025 10:48
1633,,N/A,8/20/2025 7:11,,3/30/2025 11:56
1634,240,34219.53,2/6/2025 23:19,draft,9/15/2025 16:55
1635,175,19554.14,7/19/2025 20:25,overdue,8/29/2025 11:51
1636,687,22945.28,3/8/2025 7:00,,11/16/2025 23:10
1637,651,17491.62,7/21/2025 7:01,paid,3/11/2025 13:48
1638,598,26986.78,9/15/2025 7:38,unpaid,11/15/2025 10:58
1639,193,45374.47,2/1/2025 19:49,,10/19/2025 12:13
1640,989,16503.70027320959,4/14/2025 6:08,Unpaid,6/15/2025 5:31
1641,536,49103.92386329298,3/12/2025 18:27,paid,3/23/2025 12:35
1642,445,0,4/6/2025 10:39,,11/21/2025 0:09
1643,939,666.69,10/14/2025 13:37,PAID,11/20/2025 15:47
1644,49,7475.57,12/26/2025 2:00,Unpaid,3/27/2025 19:58
1645,644,15722.74,2025-13-01 25:61:00,,
,327,,10/17/2025 2:26,Unpaid,11/2/2025 17:50
1647,982,6369.95,7/4/2025 4:53,,5/16/2025 18:09
INVALID_ID,44,34535.21,7/27/2025 18:40,unpaid,1/17/2025 14:08
1649,139,35760.22,1/28/2025 1:27,,3/21/2025 20:43
1650,937,10929.94,10/7/2025 20:42,Unpaid,3/23/2025 3:53
1651,62,31368.9,12/6/2025 8:32,draft,2/5/2025 2:06
1652,462,4388.82,5/30/2025 20:14,Unpaid,8/16/2025 2:34
1653,356,5872.94,4/6/2025 13:48,paid,9/14/2025 7:52
1654,246,,3/3/2025 12:28,draft,10/25/2025 8:55
1655,352,14819.76,5/27/2025 16:31,overdue,1/27/2025 16:13
1656,,5331.67,6/29/2025 8:32,,9/4/2025 10:57
1657,894,45960.4,5/19/2026 3:34,,2025-13-01 25:61:00
1658,,24571.71,4/13/2025 13:12,draft,3/22/2025 23:38
1659,522,13238.53,4/16/2025 2:03,Unpaid,8/18/2025 21:37
1660,23,N/A,7/12/2025 8:30,paid,8/10/2025 5:41
999999,782,46930.38,10/25/2025 4:44,,10/20/2025 23:30
1662,724,41588.49,10/18/2025 17:36,PAID,11/25/2025 11:58
1663,910,32125.99,8/3/2025 16:25,unpaid,11/3/2025 8:29
1664,853,38805.42,1/14/2025 15:17,Unpaid,8/18/2025 9:14
1665,67,10356.77,9/11/2025 4:08,Unpaid,10/12/2025 9:30
1666,780,794.84,4/1/2025 7:30,paid,8/30/2025 19:52
1667,358,41312.64,1/10/2025 0:09,PAID,6/3/2025 18:02
,171,-46199.10198,11/26/2025 2:10,Unpaid,12/14/2025 8:46
1669,669,,10/22/2025 8:43,paid,1/22/2025 23:31
-1,606,13678.36,3/3/2025 23:12,Unpaid,11/23/2025 7:07
1671,637,30844.669341648834,9/4/2025 8:01,PAID,10/19/2025 12:35
1672,29,36795.4,10/17/2025 2:23,overdue,12/3/2025 3:30
1673,188,3998.62,4/26/2025 22:39,PAID,
1674,711,10777.85,2/11/2025 21:32,paid,1/14/2025 18:22
1675,442,-19135.97667,1/5/2025 15:50,draft,6/24/2025 5:43
1676,957,N/A,5/11/2025 4:29,Unpaid,6/1/2025 19:40
1677,-1,18083.51,7/31/2025 3:39,paid,5/12/2025 15:22
1678,INVALID_ID,24797147952.358505,11/6/2025 21:21,paid,1/11/2025 2:18
1679,-1,N/A,6/25/2025 8:00,unpaid,2/12/2025 9:25
1680,,25514.87,9/12/2025 9:50,PAID,3/14/2025 2:16
1681,260,46110.26,10/16/2025 17:44,unpaid,7/12/2025 14:50
1682,828,3513.29,6/26/2025 14:55,Unpaid,7/13/2026 2:05
1683,845,15146.57,12/28/2025 10:30,PAID,5/21/2025 0:31
1684,16,9136.08,4/15/2025 19:26,PAID,10/12/2025 12:01
1685,18,15324.04,11/6/2025 20:22,PAID,5/26/2025 22:58
1686,188,31312.95,3/29/2025 5:52,,8/6/2025
1687,838,27903.85,9/20/2025 23:16,,11/18/2025 5:42
1688,999999,1949.063542913798,8/12/2025 7:07,,12/28/2025 5:32
1689,94,21550.37,10/22/2025 3:55,draft,4/10/2025 3:33
1690,900,25733.39,3/25/2025 1:38,paid,
,320,1279.42,6/20/2025 5:27,unpaid,8/8/2025 6:02
1692,299,0,6/1/2026 19:25,draft,8/10/2025 20:43
1693,956,44697.32,6/2/2025 15:22,PAID,11/20/2025 17:46
1694,236,13523.87,6/24/2025 9:25,paid,7/15/2025 19:12
1695,989,15996.2,2/27/2025 11:46,paid,7/3/2025
1696,762,34347.33,,,1/1/2025 13:53
999999,INVALID_ID,1006.87,4/7/2025 13:44,draft,6/26/2025 2:20
1698,,26102.5,8/9/2025 15:20,unpaid,4/8/2025 21:57
1699,24,42808.11078425271,8/9/2025 11:30,PAID,11/15/2025 14:40
,207,37134.01,7/26/2025 13:58,,10/15/2025 9:25
1701,10,36679.46,11/24/2025 6:01,draft,7/6/2025 10:11
1702,INVALID_ID,46075.83,8/17/2025 22:24,Unpaid,4/7/2025 17:13
1703,741,0,2/7/2025 7:54,unpaid,5/4/2025 15:09
1704,662,13030.98,10/22/2025 20:31,overdue,2/28/2025 6:51
,267,-33270.0622,3/21/2025 0:19,Unpaid,4/18/2025 20:40
1706,330,28780.23,4/21/2025 1:19,overdue,12/2/2025 5:53
1707,INVALID_ID,3022153442.887726,12/9/2025 5:42,paid,11/11/2025 14:48
1708,933,25399.08,9/11/2025 10:50,,8/20/2025 15:26
1709,2,44545077522.210724,7/26/2025 4:08,unpaid,7/12/2025 23:15
1710,140,39504.46,3/16/2025 19:39,PAID,12/28/2025 9:22
1711,,4450.78,10/27/2025 15:44,PAID,8/3/2025 5:50
1712,119,46919.58,11/2/2025 8:51,,5/15/2025 8:30
1713,888,N/A,6/30/2025 10:50,Unpaid,1/22/2025 12:11
1714,-1,28121.72,6/27/2025 23:29,unpaid,10/8/2025 22:38
,206,6444.9,12/26/2025 7:46,unpaid,5/17/2025 6:08
1716,927,26664.35,7/13/2025 7:26,draft,10/19/2025 19:50
1717,791,45680.98,5/2/2025 4:34,paid,12/6/2025 22:34
1718,148,21006.2,9/4/2025 5:25,paid,2/11/2025 13:58
1719,8,35987.01,3/21/2025 14:20,overdue,7/11/2025 0:04
1720,359,21150.6,6/9/2025 3:54,PAID,5/4/2025 10:34
1721,130,33442.11,6/25/2025 22:51,draft,11/26/2025 1:26
1722,958,34969.62,3/1/2025 6:44,overdue,1/30/2025 17:51
1723,453,20497.61,7/18/2025 7:28,overdue,11/3/2025 20:19
1724,-1,-8066.220212,3/22/2025 15:50,paid,6/10/2025 7:23
1725,523,28324.7,2/26/2025 12:51,,12/2/2025 13:56
1726,55,21021.88,5/27/2025 22:58,unpaid,2/28/2025 13:42
1727,444,30269.6,3/5/2025 13:06,PAID,1/7/2025 16:14
1728,284,0,2/18/2025 1:11,,10/28/2025 15:13
1729,544,12528.97,6/16/2025 14:53,Unpaid,5/12/2025 0:27
1730,513,25184.24,1/26/2025 3:43,overdue,8/16/2025 20:18
1731,415,,11/25/2025 20:12,unpaid,1/17/2025 23:42
999999,900,9884.06,2/1/2025 22:44,PAID,4/6/2025 23:27
1733,INVALID_ID,30603.91,,Unpaid,7/12/2025 21:18
1734,658,19314.02,3/20/2025 16:42,Unpaid,2/10/2025 18:59
1735,607,N/A,2/4/2025 17:52,paid,
1736,960,5927.144645981659,9/25/2025 21:57,unpaid,8/18/2025 0:20
1737,569,39055.64678747825,9/2/2025 19:12,PAID,10/23/2025 8:55
1738,733,-37587.66716,7/17/2025 0:37,overdue,11/25/2025 7:42
1739,537,,16-02-2025,,5/13/2025 7:47
1740,999999,"1,234.56",7/25/2025 5:49,,7/22/2025 22:51
1741,799,38046.59,7/1/2025 17:35,draft,2/11/2025 1:58
1742,999999,30816.92,3/2/2025 1:14,Unpaid,9/20/2025 20:39
,649,12640.58,2/16/2025 20:12,,5/12/2025 14:17
1744,900,43178.23,1/3/2025 17:00,overdue,
1745,563,17659.71,2025-13-01 25:61:00,PAID,9/10/2025 22:51
1746,199,6834.18,3/14/2025 7:43,unpaid,6/1/2025 17:36
1747,394,38194.58,11/25/2025 21:49,draft,9/16/2025 19:07
1748,454,17889.71,9/26/2025 0:08,,9/28/2025 16:20
1749,-1,2840.444,6/7/2025 21:31,PAID,31-05-2025
1750,10,18262.54,11/12/2025 21:09,overdue,12/13/2025 17:23
1751,217,34772.42,12/3/2025 4:55,PAID,4/23/2025 1:33
1752,68,609.92,10/14/2025 20:09,unpaid,
1753,48,0,7/4/2025 23:10,draft,9/29/2025 4:29
,251,43400.02,5/9/2025 3:46,unpaid,
1755,122,13879.25,4/11/2025 19:25,PAID,7/10/2025 12:34
1756,807,47961.89,4/6/2025 20:10,,10/17/2025 2:52
1757,141,3910.37,7/11/2025 8:06,unpaid,2/22/2025 0:50
1758,577,5013.27,3/2/2025 2:30,paid,10/24/2025 2:20
1759,165,"1,234.56",11/2/2025 13:12,,10/27/2025 16:46
999999,480,17969.34,1/11/2025 14:36,paid,11/18/2025 3:21
1761,394,37759.47,9/7/2025 0:34,,9/16/2025 2:19
1762,499,48937.14,10/29/2025 11:47,,4/26/2025 3:38
1763,516,35313.32,7/3/2026 20:49,PAID,5/10/2025 1:32
1764,702,49065.13,3/14/2025 5:03,overdue,1/18/2025 17:53
1765,,32669.86,3/22/2025 8:12,unpaid,11/30/2025 20:40
1766,347,27469.64,7/4/2025 19:35,PAID,5/20/2025 2:03
1767,542,25247.09,1/21/2025 5:46,paid,11/6/2025 15:39
,536,29606.96,1/23/2025 8:15,,10/29/2025 22:05
-1,,26288.83,10/27/2025 19:35,Unpaid,8/13/2025 8:39
1770,927,42702.35,4/10/2025 22:53,,3/16/2025 12:11
1771,422,36863.59,12/9/2025 11:18,,5/14/2025 16:45
1772,79,43146.49,10/31/2025 9:50,PAID,11/25/2025 4:41
1773,413,6598.87,4/16/2026 0:10,PAID,3/10/2025 3:13
1774,106,3843.06,5/25/2025 1:53,,6/15/2025 9:55
1775,110,2954.59,8/28/2025 12:52,,2/14/2025 6:44
1776,414,11711.18,2/10/2025 5:17,paid,3/22/2025 12:27
1777,,9091.12,8/9/2025 20:05,paid,2/7/2025 3:34
1778,189,13505.02,1/24/2025 12:22,paid,4/12/2025
,909,46087.4,2/1/2025 5:14,Unpaid,6/23/2025 1:44
1780,351,47073.98,3/19/2025 0:08,draft,11/21/2025 7:58
1781,287,11271.45,11/10/2025 22:16,overdue,10/31/2025 21:36
1782,938,27042.57,1/13/2025 15:01,,12/4/2025
999999,631,40899.42,2/12/2025 5:23,Unpaid,10/14/2025 16:09
1784,718,37929.72,12/1/2025 10:46,unpaid,11/16/2025 7:53
1785,49,38642.96,1/24/2025 2:34,draft,10/7/2025 1:09
1786,340,"1,234.56",9/8/2025 7:22,Unpaid,8/17/2025 9:36
1787,642,1267.41,7/16/2025 9:08,draft,4/28/2025 0:48
1788,508,37701.51,1/9/2025 10:15,paid,9/16/2025 7:14
1789,983,N/A,3/14/2025 7:14,,10/29/2025 14:42
1790,834,1725.46,8/11/2025 7:21,Unpaid,3/9/2025 7:45
1791,198,8748.33,4/6/2025 0:34,paid,3/1/2025 19:03
1792,825,-42689.9999,8/29/2025 1:57,Unpaid,5/12/2025 3:04
1793,700,11379.21,7/15/2025 20:21,overdue,9/27/2025 23:11
,774,"1,234.56",11/27/2025 0:43,PAID,8/18/2025 22:43
1795,,28260.1,9/8/2025 12:51,PAID,11/19/2025 23:34
1796,277,-43997.22082,10/30/2025 22:49,draft,5/2/2025 13:54
1797,630,2916447291.399757,7/12/2025 18:54,unpaid,7/6/2025 20:22
1798,285,45330.08,8/20/2025 4:34,overdue,9/6/2025 21:46
1799,459,49300.58541716493,2/21/2025 10:25,,1/30/2025 12:29
1800,382,20099.04,11/29/2025 0:54,,5/4/2025 16:39
999999,645,12668.53838724231,12/18/2025 17:47,paid,12/12/2025 18:43
1802,829,1419.84,3/3/2025 11:49,overdue,5/3/2025 11:47
1803,196,5384.15,3/31/2025 10:17,,1/4/2025 20:34
1804,738,5108.34,4/27/2025 7:39,paid,7/20/2025 22:44
1805,606,7068.91,2/19/2025 6:19,overdue,11/30/2025 23:29
1806,514,35438.98,11/6/2025 20:55,unpaid,8/18/2025 9:43
1807,8,27182.3,6/17/2025 13:08,draft,11/19/2025 3:38
1808,902,8590.76,8/5/2025 18:42,unpaid,5/20/2025 0:30
1809,170,35848.94,6/18/2025 6:33,,9/5/2025 4:58
1810,753,9686.06,3/8/2025 17:15,,9/29/2025 15:32
1811,139,8677.86,4/14/2025 8:28,PAID,9/13/2025 17:18
1812,313,43126.95,5/4/2025 20:11,unpaid,11/2/2025 3:35
1813,163,,2/11/2025 6:41,,10/11/2025 5:54
1814,416,44157.86,3/8/2025 20:07,Unpaid,8/17/2025 17:42
1815,,"1,234.56",3/5/2025 2:50,overdue,2/3/2025 20:39
1816,,770.89,6/12/2025 3:25,,1/16/2025 10:33
INVALID_ID,269,44603.57,1/21/2025 10:24,,6/17/2025 2:45
1818,857,2062.97,27-08-2025,unpaid,8/12/2025 6:39
1819,206,"1,234.56",11/21/2025 19:23,unpaid,8/18/2025 20:46
1820,,48258.02,2/25/2025 18:08,paid,5/5/2025 10:04
1821,946,20957.47,7/4/2025 2:00,PAID,6/1/2025 19:39
1822,731,615.14,3/30/2025 15:37,Unpaid,4/16/2025 9:24
,436,42883.75,3/21/2025 20:12,Unpaid,11/2/2025 10:43
1824,960,13022.86,6/19/2025 1:02,Unpaid,10/5/2025 20:09
1825,922,5903.58,6/28/2025 13:20,,9/13/2025 17:35
1826,489,44725.35,6/13/2025 21:13,Unpaid,11/3/2025 19:41
1827,639,40957.59,11/11/2025,,11/30/2025 8:22
1828,,4418.48,8/29/2025 16:13,Unpaid,3/8/2025 23:12
1829,904,28062.06,4/14/2025 12:58,unpaid,10/26/2025 11:42
1830,354,16828.53,11/16/2025 23:26,overdue,6/24/2025 5:35
,170,14741.75,10/17/2025 11:14,PAID,6/12/2025 8:14
1832,705,9973.21,10/2/2025 5:18,paid,1/2/2025 5:56
1833,896,44293.26,4/15/2025 1:09,draft,10/9/2025 23:51
,605,N/A,10/31/2025 7:33,unpaid,4/12/2025 16:37
INVALID_ID,501,31791.04,4/25/2025 0:33,overdue,4/18/2025 2:42
1836,746,27157.39,9/11/2025 3:27,,12/8/2025 3:56
1837,870,34003.89,4/1/2025 19:32,unpaid,5/23/2025 19:36
1838,90,40842.17,2025-13-01 25:61:00,paid,2/27/2025 22:12
1839,171,5588.83,4/30/2025 15:22,,9/10/2025 8:41
1840,21,11885.78,12/9/2025 15:39,,2025-13-01 25:61:00
1841,455,21297.81,2025-13-01 25:61:00,,9/8/2025 8:13
1842,838,35072.07,2/16/2025 16:44,PAID,3/13/2025 2:01
1843,910,45570.11,10/29/2025 9:47,paid,10/27/2025 11:08
1844,520,10979.7,9/20/2025 15:07,paid,5/31/2025 9:03
1845,425,"1,234.56",7/20/2025 0:29,,2025-13-01 25:61:00
1846,818,,9/18/2025 11:48,PAID,2/23/2025 23:33
,61,42836.74,9/29/2025 21:57,draft,9/23/2025 4:06
1848,401,41962.9,6/6/2025 4:57,paid,7/4/2025 7:16
1849,596,41865.2,2/1/2025 2:30,PAID,7/10/2025 12:08
1850,720,44190.11,11/9/2025 8:27,unpaid,6/27/2025 16:35
1851,547,41539.88,3/8/2025 15:34,overdue,2025-13-01 25:61:00
1852,606,47688.66,12/10/2025 10:03,Unpaid,5/7/2025 22:19
1853,616,5736.44,8/8/2025 15:35,draft,2025-13-01 25:61:00
1854,INVALID_ID,17064.93,,overdue,8/24/2025 20:03
1855,279,45631.89,4/18/2025 22:33,Unpaid,12/17/2026 5:48
1856,893,0,10/9/2025 10:29,draft,7/3/2025 2:28
1857,396,47697.02,3/28/2025 3:16,,12/9/2025 22:25
1858,774,46064.81501970493,9/10/2025 15:01,PAID,12/17/2025 0:16
,,46980.17,2/14/2025 10:38,PAID,6/10/2025 2:36
1860,,1651.28,1/13/2025 5:05,unpaid,6/26/2025 10:01
1861,170,20789.49,12/4/2025 22:05,overdue,11/24/2025 4:10
1862,31,1060103649.917239,7/17/2025 3:34,,8/8/2025 9:41
1863,647,3855.57,6/14/2025 6:28,unpaid,10/7/2025 7:43
,999999,40010.47,,paid,7/25/2025 23:32
1865,999999,2935.25,3/10/2025 1:15,draft,3/17/2025 13:58
1866,288,16370.57,9/2/2025 18:01,overdue,5/10/2025 17:10
1867,897,392.9,10/13/2025 18:00,PAID,4/26/2025 19:57
,221,1026.5111567064168,12/26/2025 15:15,Unpaid,6/28/2025 1:48
1869,565,28536.82,11/14/2025 1:02,paid,4/8/2025 1:28
1870,,45922.71,5/26/2025 19:17,overdue,1/17/2025 7:44
1871,783,0,7/26/2025 21:56,,10/30/2025 11:43
1872,995,20065.38,11/23/2025 9:05,PAID,2/16/2025 3:49
1873,463,12513.61,12/31/2025 16:46,draft,3/1/2025 3:15
999999,237,19119.86,8/23/2025 16:39,draft,4/21/2025 4:18
1875,596,40848.17,11/29/2025 4:09,PAID,2/22/2025 9:15
1876,191,"1,234.56",6/9/2025 12:16,PAID,1/5/2025 7:16
1877,990,46577.67,3/10/2025 17:01,,5/27/2025 9:28
1878,912,"1,234.56",12/22/2025 6:40,Unpaid,3/25/2025 15:04
1879,489,20050.88,10/3/2025 18:45,PAID,5/25/2025 12:51
1880,999999,12814.87,7/23/2025 5:06,overdue,12/14/2025 15:59
,336,26441.22,10/24/2025 21:03,PAID,2/18/2025 22:54
1882,INVALID_ID,14944.79,9/13/2025 15:05,draft,2/27/2025 0:13
1883,INVALID_ID,39641.23,9/14/2025 20:05,paid,12/5/2025 3:39
1884,73,5998.62,11/12/2025 3:59,,3/1/2025 3:35
1885,482,29612.69,9/8/2025 6:29,draft,4/26/2025 9:23
1886,963,,8/30/2025 4:55,PAID,1/22/2025 14:20
1887,852,28554.36,6/15/2025 16:26,unpaid,8/30/2025 17:03
1888,636,45777.15,11/18/2025 6:50,paid,9/10/2025 1:26
1889,547,315.26,5/22/2025 13:20,paid,6/24/2025 4:58
1890,959,28636.36,3/1/2025 9:27,overdue,11/26/2025 22:36
1891,815,24588.551,3/5/2025 10:41,unpaid,9/13/2025 0:24
1892,324,-4936.963386,7/10/2025 8:55,PAID,1/29/2025 10:58
1893,64,4399.43,9/15/2025 13:51,paid,2/26/2025 22:31
1894,763,0,3/19/2025 0:03,Unpaid,3/23/2025 13:02
1895,750,14766.77,4/17/2025 19:45,overdue,8/2/2025 13:54
1896,506,22252.18,6/11/2025 13:14,Unpaid,5/3/2025 10:00
,,41863.34,1/30/2025 14:23,unpaid,11/2/2025 10:02
1898,941,42681.27,2/4/2025 21:15,Unpaid,9/13/2025 7:30
1899,-1,17648.6,2025-13-01 25:61:00,unpaid,8/5/2025 20:08
1900,353,37125.18,11/10/2025 16:52,,4/12/2025 4:42
INVALID_ID,402,12518.93,12/25/2025 0:02,,11/15/2025 22:40
1902,12,44623.81,10/6/2025 9:17,overdue,2/15/2025 12:39
1903,780,46163.66,2/28/2025 2:28,paid,9/22/2025 11:07
1904,788,46994.6,4/3/2025 15:25,draft,9/23/2025 19:56
1905,711,33037.57,1/5/2025 20:01,,3/3/2025 3:31
1906,995,14195.98,8/22/2025 3:19,Unpaid,10/8/2025 13:01
1907,136,46633.78,7/1/2025 22:00,paid,7/15/2025 9:34
,781,N/A,10/7/2025 13:20,,1/17/2025 12:41
1909,696,30014.31,7/30/2025 1:06,overdue,12/3/2025 4:28
,698,7348.45,2/8/2025 22:29,overdue,8/3/2025 23:24
1911,167,12124.34,2/13/2025 6:40,draft,1/13/2025 13:30
1912,701,,3/29/2025 17:27,,
1913,280,13997.94,9/29/2025 3:55,paid,12/2/2025 8:48
1914,792,32064.56,6/22/2025 8:27,overdue,6/1/2025 14:48
1915,587,12269.66,12/7/2025 8:37,draft,6/8/2025 12:27
-1,255,37971.31,1/2/2025 1:52,paid,2/23/2025 13:01
1917,548,6574.02,8/4/2025 17:51,paid,3/25/2025 22:01
1918,50,40648.78,1/17/2025 3:05,Unpaid,6/18/2025 12:55
999999,133,0,9/3/2025 22:39,paid,8/31/2025 6:39
1920,881,2285.707,4/10/2026 1:03,Unpaid,2025-13-01 25:61:00
1921,24,17014.42,10/26/2025 0:37,,8/9/2025 18:05
1922,237,28766.46,7/7/2026 9:38,draft,1/17/2025 16:46
1923,358,47381.37,9/14/2025 22:25,overdue,9/2/2025 17:33
999999,327,27886.16,9/27/2025 7:45,,3/29/2025 10:21
1925,17,6126.7,6/1/2025 4:26,,7/25/2025 14:17
1926,866,16575.55,3/2/2025 22:24,,2/28/2025 0:35
1927,54,,11/12/2025 4:49,draft,11/23/2025 8:41
1928,32,14887,3/1/2025 21:50,draft,1/7/2025 5:27
1929,65,0,3/19/2025 7:15,unpaid,6/21/2025 8:27
999999,974,24902.816231304918,7/19/2026 8:56,,11/8/2025
1931,262,10538.52,4/30/2025 10:57,overdue,1/22/2025 23:41
1932,750,10768.33,5/5/2025 5:26,,9/19/2026 14:50
1933,127,36793.45,12/29/2025 2:39,draft,6/18/2025 19:57
1934,868,29078.75,5/31/2025 19:37,Unpaid,3/17/2025 15:44
1935,507,33560.58,8/1/2025 9:50,,9/24/2025 16:10
1936,994,37329.99,7/4/2025 2:26,unpaid,7/30/2025 12:22
1937,826,"1,234.56",8/23/2025 8:44,,4/4/2025 22:37
1938,148,30224.85,11/2/2025 7:17,Unpaid,8/8/2025 15:03
1939,,43442,5/6/2025 2:44,PAID,11/13/2025 16:47
1940,988,30903.84,3/14/2025 13:23,,7/3/2025 20:23
,727,36074.41,9/11/2025 2:20,PAID,4/3/2025 13:06
1942,97,-49579.60788,8/28/2025 13:26,PAID,7/20/2025 11:56
1943,985,33026.16,7/23/2025 23:52,paid,11/7/2025 13:42
1944,329,16479.96,5/13/2025 20:34,draft,1/23/2025 8:40
1945,447,-30506.65574,8/3/2025 0:45,unpaid,
1946,808,12368.16,3/13/2025 13:50,draft,8/31/2025 21:18
1947,132,23425.23,31-12-2025,paid,6/4/2025 17:35
1948,,,8/5/2025 21:42,Unpaid,5/27/2025 23:25
1949,321,25220.83,9/2/2025 17:39,paid,9/6/2025 16:09
1950,INVALID_ID,44900.56,9/20/2025 7:09,draft,7/3/2025 18:56
1951,172,21070.37,,draft,11/19/2025 11:56
1952,251,9626.42,5/19/2025 13:53,draft,12/9/2025 22:30
1953,422,14207.95,5/3/2025 8:35,Unpaid,2/10/2025 13:53
1954,602,28579.57,8/12/2025 1:00,overdue,11/24/2025 1:04
1955,264,35332.68,8/17/2025 20:27,,11/13/2025 1:47
1956,612,33125758413.643417,6/11/2025 22:13,draft,4/26/2025 4:30
1957,228,12937.27,2/20/2025 18:47,unpaid,9/14/2025 12:36
1958,631,46646,,unpaid,3/12/2025 20:34
1959,716,43796316043.668365,3/16/2025 23:54,overdue,12/31/2025 16:33
1960,911,8164.61,6/29/2025 1:43,,1/25/2025 22:31
1961,539,48263.03,7/24/2025 5:21,,1/23/2025 10:48
1962,869,N/A,28-09-2025,Unpaid,9/29/2025 0:58
1963,379,23430.18,8/21/2025 19:21,overdue,2025-13-01 25:61:00
1964,528,22246.76,10/28/2025 23:56,Unpaid,12/10/2025 3:41
INVALID_ID,4,42918.19,3/20/2025 4:32,unpaid,1/20/2025 16:30
1966,902,4275.33,1/3/2025 21:03,,5/19/2025 9:13
1967,701,47559.05,9/16/2025 10:59,draft,5/6/2025 5:40
1968,910,5083.82,4/9/2025 22:35,overdue,
-1,458,39366.14,7/26/2025 4:51,overdue,10/28/2026 8:45
1970,392,"1,234.56",12/13/2025 7:56,overdue,11/4/2025
1971,627,14875694395.947605,11/26/2025 8:12,Unpaid,7/25/2025 13:16
,,38799.02,11/15/2025 16:22,paid,11/10/2025
1973,252,2374.54,11/11/2025 12:43,PAID,12/22/2025 20:35
1974,63,39885.95,1/19/2025 20:09,Unpaid,1/12/2025 19:19
1975,285,10708.3,1/5/2025 16:55,draft,5/9/2025
1976,611,42247.22,8/12/2025 15:22,PAID,11/23/2025 11:53
1977,569,10566.27,4/15/2025 23:23,overdue,5/4/2025 9:51
1978,363,18944.28,4/27/2025 4:19,paid,8/11/2025 13:05
1979,977,,5/11/2025 19:02,paid,2/24/2025 12:12
1980,173,12623635392.533363,12/5/2025 14:49,paid,11/8/2025 5:52
1981,934,48750364830.78483,7/22/2025 4:11,paid,7/2/2025 0:04
1982,42,28219.72,6/28/2025 13:59,draft,6/28/2025 18:04
1983,999999,15507.25,6/15/2025 4:38,PAID,
1984,999999,30358.05,7/21/2025 22:44,overdue,2/11/2025 4:11
1985,663,8498.93,1/13/2025 2:08,,10/8/2025 14:51
1986,775,23016.41,4/24/2025 14:37,Unpaid,2/8/2025 7:32
1987,,20202.47,3/24/2025 23:14,unpaid,5/25/2025 6:54
1988,946,38241.38,7/14/2025 10:25,PAID,12/11/2025 5:25
1989,349,20774.54,2025-13-01 25:61:00,draft,12/27/2025 8:11
1990,743,32722.793,8/31/2025 14:22,paid,2/28/2025 20:07
1991,696,2925.04,11/6/2025 8:37,draft,5/3/2025 20:40
1992,732,-31924.33637,12/12/2025 2:05,,6/23/2025 10:52
1993,73,22313.98,5/2/2025 21:31,unpaid,11/14/2025 21:22
1994,640,42165.35,6/29/2025 17:19,,15-08-2025
1995,60,15194.75,8/25/2025 7:51,draft,3/7/2025 2:35
1996,518,25635.15,2025-13-01 25:61:00,PAID,1/7/2025 13:27
1997,155,20017.491143158168,2/14/2025 11:22,paid,9/3/2025 10:59
1998,561,"1,234.56",8/9/2025 5:29,draft,11/26/2025 1:43
1999,524,,11/18/2025 9:02,draft,5/31/2025 16:38
