payment_id,invoice_id,amount,payment_date,payment_method_id,status,reference_id
5000,,29327.51,8/4/2025 11:27, ,pending,REF125
5001,1914,25593.48,4/28/2025 23:30, ,,REF126
5002,1047,24566.95,7/21/2025 9:22, ,,#####
5003,1997,712.82,2/9/2025 10:37,2,,%$#!
5004,1673,16497.02,9/20/2025 13:53,1,Failed,#VALUE!
,1659,33791.32,11/16/2025 7:09,2,,#####
5006,1376,48594.34,1/20/2025 23:08,2,Failed,REF124
999999,1770,39674.28,7/28/2025 1:35,1,Failed,REF125
5008,1642,0,9/6/2025 2:42,2,pending,%$#!
5009,1632,7149.08,10/30/2025 3:16,2,,REF126
5010,1524,28746.52,10/27/2025 20:58, ,,REF126
5011,1976,10935562739.407307,3/26/2025 21:46,1,Failed,REF125
5012,1213,24936.06,12/20/2025 9:55,1,pending,#####
5013,1449,28000.04,8/8/2025 9:34, ,failed, 
5014,1377,8225.69,4/27/2025 13:00,1,failed,#####
5015,1754,36956.36,2025-13-01 25:61:00,2,, 
5016,1212,23573.59,2/17/2025 12:12,2,,REF126
5017,1365,31374.22,1/25/2025 17:11, ,Failed, 
5018,1971,33237,11/20/2025 22:38,1,,#VALUE!
5019,1101,13709.2,8/18/2025 10:38, ,,REF124
5020,1710,36810.403,6/7/2025 7:30,1,pending,%$#!
5021,1247,40604.79,1/12/2025 11:36,1,,REF126
5022,1393,44540.05,2/17/2025 19:30, ,Failed,%$#!
5023,1425,7020.52,4/18/2025 22:04, ,failed,REF124
,1032,6725.29,8/27/2025 8:16,2,SUCCESS,REF124
,1921,21197.67,5/20/2025 1:34, ,Failed,#####
5026,1485,7528.51,4/17/2025 13:06,1,success, 
5027,1216,22923.16,12/9/2025 9:52,1,Failed, 
5028,1385,12354.33,1/26/2025 19:40,1,failed, 
5029,1365,30636.41,3/12/2025 22:57, ,,REF124
5030,1871,,3/11/2025 11:28, ,success, 
5031,1065,39100.68,4/10/2025 8:23,1,,REF125
5032,1144,28654.51,1/26/2025 16:08,1,failed,REF124
5033,1387,34347.56,5/19/2025 21:03,2,failed,REF126
5034,1800,29502.79,12/6/2025 18:10,1,failed,#####
5035,1597,32549.04,9/29/2025 5:14,1,success,REF124
5036,INVALID_ID,24047.14,8/15/2025 3:24,1,failed,REF124
5037,1066,20657.01,11/7/2025 1:55,1,Failed,REF125
INVALID_ID,,26249.05,10/23/2025 12:54,2,SUCCESS,#####
-1,1657,43193.06,12/26/2025 0:56,2,failed,REF124
5040,1964,N/A,1/22/2025 1:27,2,failed,%$#!
5041,1895,16790.1,2/23/2025 15:14,2,,#VALUE!
5042,1098,N/A,4/10/2025 10:58,2,success,%$#!
5043,,44647.18,2/22/2025 16:39, ,failed,REF124
5044,1032,29375.96,5/25/2025 15:22,1,success,REF126
5045,1097,0,7/27/2025 10:57,2,SUCCESS,REF126
5046,1103,9117.7,3/25/2025 8:56,1,,REF126
5047,1260,14201.246,7/14/2025 9:54,2,failed,REF125
5048,1305,8704.47,3/17/2025 1:56, ,Failed,REF124
5049,1747,21891.41,12/18/2025 10:22,1,, 
5050,1677,8908.48,6/7/2025 4:41,1,SUCCESS,%$#!
5051,1704,20244,7/9/2025 11:47,2,SUCCESS,REF124
5052,1161,25569.31,4/27/2025 13:33, ,Failed, 
5053,1378,"1,234.56",4/16/2025 3:59,2,,REF126
5054,1736,28081.59,10/23/2025 21:19,2,failed, 
5055,1564,14517.32,12/25/2025 18:14,1,Failed,#####
5056,1346,43177.39,10/17/2025 7:24,1,failed,REF126
5057,1331,20570.67,9/17/2025 17:15,1,failed,#VALUE!
5058,1103,28297.06,8/25/2025 6:52,1,pending,#####
5059,1806,43029.18,6/2/2025 21:05, ,success,REF124
5060,1201,1204.92,7/2/2026 9:33,2,failed,#VALUE!
5061,1793,13729.79,12/18/2025 0:21,1,pending,REF126
5062,1143,5935.34,11/1/2025 9:07,1,Failed, 
5063,1801,32140.09,11/24/2025 4:11,2,Failed,REF126
5064,1415,5488793895.598306,3/25/2025 14:06,2,success,%$#!
-1,1517,5536.37,4/24/2025 10:51,2,,#####
,1419,34112.31,3/27/2025 16:49,1,SUCCESS,REF126
5067,1978,,10/7/2025 0:06,2,, 
5068,1748,9774.64,7/4/2025 22:51,1,failed,REF125
5069,1493,13717.92,11/17/2025 14:26,2,success,#####
5070,-1,43255.51,1/29/2025 16:55,1,success, 
5071,1093,28938.18,2/14/2026 16:13,2,,REF125
5072,1920,7568.58,6/11/2025 22:39,1,, 
5073,1557,43814.74,2/26/2025 1:42, ,SUCCESS,REF125
-1,1205,16489.87,3/23/2025 8:57, ,success,REF126
INVALID_ID,1062,4853.61,12/24/2025 14:17, ,failed,#####
5076,1331,44193.8,12/7/2025 13:20,1,failed,#####
5077,1596,860380827.3980052,,2,,%$#!
5078,1533,4646181209.799594,9/3/2025 10:40, ,, 
5079,1496,30398.22,7/18/2025 2:15, ,,#####
5080,1880,27727.68,7/13/2025 21:58, ,,#VALUE!
,1673,"1,234.56",5/16/2025 6:52, ,success,%$#!
5082,1727,16608.24,3/14/2025 1:24,2,, 
,1259,16192.59,5/2/2025 3:00,1,, 
5084,1648,3296.98,7/24/2025 3:59,2,pending,#####
5085,1399,47484.43,5/24/2025 9:36,2,success,%$#!
5086,1717,46957.05,5/22/2025 9:18,2,SUCCESS,#VALUE!
5087,1149,36234.33,2/21/2025 18:09,2,Failed,REF125
5088,,23846.73,11/30/2025 14:39,1,SUCCESS,REF124
5089,1113,18934.75,3/11/2025 22:01,2,,REF125
5090,1524,307.15,7/30/2025 7:06,1,Failed,%$#!
999999,1995,,3/16/2025 15:11, ,failed,#####
,1359,11506.96,8/4/2025 22:54,2,failed, 
,1284,9670.61,1/1/2025 12:00,1,success,REF124
5094,1769,5835.31,2/14/2025 20:10,1,,#VALUE!
5095,1030,9752.28,3/5/2025 23:24,2,failed,#VALUE!
5096,1134,21862.199,8/5/2025 3:11, ,Failed,REF125
5097,1475,27045.45,2/9/2025 17:45, ,SUCCESS,%$#!
5098,1729,30682.56,10/23/2025 23:24, ,,REF124
5099,1952,20529.02,1/15/2025 3:23,1,pending, 
,1690,19307.02,9/7/2025 12:18,1,pending,#####
5101,1232,33398.33784951384,12/28/2025 15:04, ,SUCCESS, 
5102,1737,40725.34,11/1/2025 13:43,2,Failed,#####
5103,1714,9369.3,6/12/2025 18:18, ,, 
,,7703.65,27-05-2025,1,success,%$#!
5105,1339,37819.49,6/4/2025 23:37,2,success,REF125
,1095,3502.15,5/19/2025 22:08,1,failed,REF126
5107,1287,30708.34,4/15/2025 14:33,1,SUCCESS,#VALUE!
5108,1510,,3/13/2025 12:44,2,,REF124
5109,1256,38351.28,2/18/2025 22:34,2,,%$#!
5110,1350,5445.22,4/20/2025 10:27,2,Failed,#####
5111,1029,,5/24/2025 6:36,1,failed,#####
5112,1781,39751.67,3/12/2025 9:40,2,SUCCESS,REF124
5113,1329,26291.77,12/21/2025 1:10,2,success, 
5114,1401,30024.71,4/25/2025 18:10,2,Failed, 
5115,1849,23227.34,5/20/2025 11:49, ,success,#####
5116,1921,42928.97,2/19/2025 0:17,1,failed,REF125
5117,1994,N/A,3/13/2025 19:49,2,success,REF124
5118,1687,32167.2,8/23/2025 15:30,2,Failed,REF124
5119,INVALID_ID,29109.27,2/26/2025 18:54, ,Failed,#VALUE!
5120,1732,3246.32,, ,pending,#VALUE!
5121,1636,14318.45,10/16/2025 12:19,1,failed, 
5122,1666,0,4/23/2025 11:30, ,Failed, 
5123,1250,30766.19,9/21/2025 4:25, ,failed,REF126
5124,-1,21424.01,1/23/2025 16:27,2,SUCCESS, 
5125,1663,1373.81,9/29/2025 23:12, ,,REF125
5126,1056,"1,234.56",9/20/2025 5:03,2,success,REF126
5127,1560,31478.52,5/11/2025 5:13,2,failed,#####
5128,1700,7807.85,9/4/2025 21:42,1,,REF124
,1524,4235.21,5/2/2025 0:02, ,pending,#VALUE!
-1,1961,38656.81,4/5/2025 11:37, ,,%$#!
5131,1146,31337.14,3/23/2025 1:08,2,pending,REF126
5132,1987,32972.59,5/14/2025 0:19,1,Failed,REF124
5133,1349,2110.1437993918853,2025-13-01 25:61:00, ,,%$#!
5134,1361,9240.26,12/11/2025 15:59,2,, 
5135,1499,17304.04,11/21/2025 1:23, ,Failed,REF125
5136,1952,20566.1,6/15/2025 9:18, ,pending,%$#!
5137,1821,6059.67,1/3/2025 6:11, ,SUCCESS,REF125
5138,1993,46444.02,10/24/2026 1:03, ,,REF124
5139,1129,24634.89,5/5/2025 2:40,2,, 
5140,1598,13501079746.934126,2/12/2025 19:34,1,pending,REF126
5141,1672,39381.73,8/2/2025 15:20,2,Failed,REF126
5142,1875,14379.38,8/9/2025 7:02,1,, 
5143,999999,32789.19,9/10/2025 7:55, ,failed,%$#!
5144,1299,47189.99,6/22/2025 16:58,2,failed,#VALUE!
5145,INVALID_ID,-13522.82316,6/5/2025 10:08,1,Failed,REF124
5146,1404,7074.21,1/2/2025 16:29,2,failed,REF126
5147,1904,N/A,12/23/2025 13:22, ,pending,REF126
5148,1259,10269.41,6/25/2025 6:58,1,,REF126
5149,1969,34582.32,10/15/2025 9:54, ,,#####
5150,,12697.07,2025-13-01 25:61:00, ,pending,REF125
5151,1939,2647.33,8/30/2025 10:01, ,SUCCESS,%$#!
5152,1929,41252.26,2/12/2025 1:15, ,success,%$#!
5153,1112,35783.99,1/11/2027 21:27,2,pending,%$#!
5154,1751,36778.13,20-04-2025,2,success,REF125
5155,1356,3838.6,7/22/2025 21:30,2,failed,REF124
5156,1527,16019.95,8/31/2025 12:26,1,success, 
5157,1412,22396.57,2025-13-01 25:61:00, ,pending, 
5158,,45599.26450863514,9/30/2025 12:34,1,Failed,%$#!
5159,1374,39951.72,8/9/2025 21:08,1,success,REF125
,1394,26089.75,1/26/2025 12:06, ,Failed,REF126
5161,1328,26838.67,9/7/2025 23:00, ,SUCCESS,REF124
5162,1432,18512.39,8/13/2025 16:02,1,failed,REF124
5163,1521,32989.93479269901,9/10/2026 7:27, ,SUCCESS, 
5164,1552,27425.25,11/13/2025 10:22,1,success,REF126
5165,1155,45052.46,5/30/2025 5:27,2,,REF125
5166,1662,18580.22,5/5/2025 6:00,2,failed,#####
5167,1966,270.69,7/27/2025 20:09, ,success,REF125
5168,1128,22861.16,11/5/2025 2:38,1,Failed,REF126
5169,1764,38009.77,9/27/2025 5:58, ,failed,REF126
5170,1943,3120.85,3/5/2026 10:07,1,failed,#VALUE!
5171,1878,14548.86,10/14/2025 22:40,1,SUCCESS,#####
5172,1708,30971.23,9/21/2025 6:04,2,success,#####
5173,1110,17525.86,5/30/2026 22:52,2,Failed,REF125
5174,1697,14414.22,10/5/2025 1:22, ,pending,#####
5175,1843,33739.49,10/31/2025 1:12,2,failed, 
5176,1711,3843.14,1/9/2025 6:04,2,Failed,REF124
,1687,16762.02,12/19/2025 13:59, ,success,#####
5178,1718,"1,234.56",2025-13-01 25:61:00,1,success,REF126
5179,1573,42242.54,8/5/2025 1:08,1,,REF126
5180,1326,17939.92,4/21/2025 4:09,1,success,%$#!
5181,1093,44817.51,5/31/2025 10:15,2,,REF125
5182,1245,4626.38,2/23/2025 20:51,2,,%$#!
5183,1373,19672.63,7/13/2025 10:15,2,,REF124
5184,1040,33781299360.53274,1/20/2025 6:34,1,,REF124
5185,1386,1253.18,11/16/2025 23:19, ,failed,#####
5186,1410,43961.46,5/5/2025 9:06, ,failed,#####
5187,1931,41638.67,1/23/2027 6:32, ,success, 
5188,INVALID_ID,11778.07,1/2/2025 9:06, ,,REF124
5189,1843,32202.67,19-04-2025,2,,#VALUE!
5190,1965,2576.09,10/2/2025 6:58, ,SUCCESS,#####
5191,-1,8561.16,11/3/2025 8:47,2,pending,REF126
5192,1140,17472.07,6/28/2025 4:55, ,,REF124
5193,1787,45572.46,5/16/2025 11:31,2,success,REF124
5194,1690,30663,6/23/2025 22:24,1,pending,#####
5195,1142,37362452196.00063,4/1/2025 9:40,1,pending,REF124
5196,1884,5237.1,9/26/2025 0:00, ,Failed, 
5197,1490,26561.98,12/26/2025 22:44, ,Failed,%$#!
5198,1927,36449.05,12/25/2025 23:16, ,Failed,REF124
5199,1188,41548.59,9/7/2025 22:36, ,Failed,%$#!
5200,1836,32059.15,4/24/2025 4:21, ,Failed,%$#!
5201,1325,17102.85,6/18/2025 11:37, ,failed,REF124
5202,1507,9438.65,1/12/2025 9:20, ,SUCCESS, 
5203,1963,5512.55,7/7/2025 12:27,1,SUCCESS,#####
5204,1071,47452.8,11/8/2025 5:53,1,SUCCESS,%$#!
5205,1082,N/A,, ,, 
,1268,26166.51,9/6/2025 8:07,1,SUCCESS,#VALUE!
5207,1238,9849.038,,1,SUCCESS,#####
5208,1400,8587.22,9/14/2025 22:15, ,Failed,#####
,1185,30256.17,3/7/2025 7:15,1,Failed,#####
5210,1975,6848.27,9/10/2025 21:42, ,Failed,REF124
5211,1718,23505.2,9/28/2025 19:10,2,success,%$#!
5212,1800,13890.62,9/21/2025 10:06,2,Failed,REF124
5213,1050,39459.84,12/31/2025 23:03, ,SUCCESS,REF126
5214,INVALID_ID,44821.36,12/27/2025 4:43, ,SUCCESS,#VALUE!
5215,1765,14868.84,12/31/2025 23:22,1,,REF126
5216,1967,41614.64,4/27/2025 9:31,1,,#VALUE!
5217,1030,18277.68,3/3/2025 18:37, ,failed,#VALUE!
5218,1789,41464.58,10/11/2025 0:54,2,, 
5219,1345,38169.79,1/24/2025 3:15, ,, 
5220,1610,8300.99,3/18/2025 12:51,2,Failed,#VALUE!
5221,1776,34862.3,11/24/2025 23:38, ,failed,#VALUE!
5222,1650,,6/13/2025 18:37, ,success,%$#!
5223,1359,34471.93,1/9/2025 23:51,1,SUCCESS,%$#!
5224,1096,3283.27,9/23/2025 13:17, ,,REF125
5225,1844,41630.17,10/8/2025 5:20,1,,%$#!
5226,1145,13774.82,3/13/2025 17:04, ,SUCCESS,REF124
5227,1152,45310.23,10/31/2026 16:58, ,success,REF125
5228,1228,17537.36,9/3/2025 9:55,1,SUCCESS,#VALUE!
5229,1817,29250.79,9/16/2025 11:29, ,Failed,REF126
5230,1848,34447.46,7/4/2025 1:07, ,failed,#####
5231,1425,19294.3,2/3/2025 17:40,1,,#VALUE!
5232,1383,"1,234.56",12/9/2025 21:52,2,SUCCESS,#VALUE!
5233,1029,48786.56,1/6/2025 11:34,2,failed, 
-1,1434,,8/21/2025 3:05,2,pending,%$#!
5235,1762,1672.68,2/18/2025 13:28,2,,#VALUE!
5236,1428,47384.76,10/31/2025 13:27, ,SUCCESS,REF124
INVALID_ID,1941,25128.99,4/24/2025 7:19, ,,%$#!
5238,1378,18345.08,3/10/2025 5:40,2,pending,REF126
5239,1252,18585.72,25-08-2025,2,pending,REF125
5240,1299,12975.1,4/27/2025 4:19, ,,REF124
999999,1381,1954.83,8/16/2025 6:58,2,,REF126
5242,1657,34181.831,2/19/2025 3:07,2,pending,#####
5243,1347,42868.79,9/24/2025 3:32, ,failed,#VALUE!
5244,1748,7823.208700706869,8/9/2025 6:41,1,Failed,REF124
5245,1453,24228.12,8/8/2025 9:03,1,failed,REF125
5246,1001,29763.1,12/2/2025 7:21,1,SUCCESS,REF125
5247,INVALID_ID,343.63,11/10/2025 9:00,1,, 
5248,1568,47009.6,8/19/2025 20:37,1,failed,#VALUE!
5249,1779,,6/8/2025 11:38, ,SUCCESS,REF126
-1,1356,36193.89,7/16/2025 2:50,2,pending,REF124
5251,1249,N/A,4/5/2025 15:18, ,success,REF124
,1102,4972.08,11/6/2025 4:08,1,SUCCESS,#####
5253,1563,44080.12,10/30/2025 19:39,1,,#####
,,0,10/14/2025 17:15,2,failed, 
-1,1767,24330.29,1/9/2025 23:37,2,success,%$#!
5256,1715,,4/4/2025 18:25, ,Failed,#####
5257,,41905.6,,2,failed,REF125
5258,999999,4071.14,4/11/2025 19:06,1,SUCCESS, 
5259,1483,19504.791,6/16/2025 3:15,2,Failed,#VALUE!
5260,1456,37774.67,2/24/2025 21:37,2,,%$#!
5261,1362,38257.37,3/26/2025 22:58,1,pending, 
5262,1506,42311.06,1/19/2025 1:46,1,,%$#!
5263,1703,14470.05,4/26/2025 9:21,1,SUCCESS,REF124
5264,1180,92.38,11/9/2025 20:08,1,success,REF126
5265,1700,18760.93,8/22/2025 9:24,2,success,#####
5266,1431,23985.93,5/27/2025 10:53, ,SUCCESS,REF125
5267,1607,10861.71,1/11/2025 23:50,2,success,REF126
5268,1699,36460.38,5/14/2025 19:06, ,,#VALUE!
5269,1974,47404.599,2/3/2027 3:13,1,Failed, 
5270,1228,2541.48,2/6/2025 13:53,1,pending,#####
5271,1131,,9/28/2025 12:04, ,Failed,#####
5272,1410,16766.56,8/12/2025 21:50,2,,%$#!
5273,1629,8103.43,2/18/2025 5:59,2,Failed,REF124
5274,1419,36901.58,18-06-2025,1,success,#VALUE!
5275,1820,15703.48,3/19/2025 17:13,2,Failed,REF125
5276,1472,22459.14,6/12/2025 13:11, ,success,REF126
5277,1223,4479.56,11/28/2025 6:01,1,pending,REF126
5278,1594,"1,234.56",10/24/2025 13:21,2,success,REF124
5279,-1,39777.46,3/28/2025 3:21,2,Failed,#VALUE!
5280,1431,3890.24,2025-13-01 25:61:00, ,SUCCESS,%$#!
5281,1317,"1,234.56",4/25/2025 21:33, ,,#####
5282,1515,48385.91,7/7/2025 2:58,1,failed,#VALUE!
INVALID_ID,1223,16141.72,6/20/2025 1:56, ,success,#VALUE!
5284,1614,-44035.20135,7/11/2025 16:02, ,,#VALUE!
5285,1926,9150.75,9/28/2025 9:10,2,success,#VALUE!
5286,1612,10435.06,4/1/2025 18:44, ,SUCCESS,REF124
5287,INVALID_ID,38602.03,9/14/2025 21:25,1,pending,REF124
5288,,33097.01,9/2/2025 12:38,2,failed,REF124
5289,1575,8833.307518778583,10/29/2025 12:34, ,,%$#!
5290,1968,-25435.70263,8/30/2025 10:39,2,failed,REF126
5291,,23967.15,10/2/2025 7:37,2,success, 
5292,1666,47257.566564940826,11/11/2025,1,,#VALUE!
5293,1251,,11/4/2025 3:44, ,,%$#!
5294,1303,13574.02,9/27/2025 4:24,2,failed,#VALUE!
5295,1772,21988.95,9/17/2025 13:04,1,success,%$#!
5296,1066,452.82,4/30/2025 23:25,2,success,REF124
5297,1552,23399.53,11/22/2025 17:54, ,SUCCESS,REF126
5298,1648,8995.22,9/7/2025 17:14,2,success,#####
5299,1631,N/A,7/6/2025 12:34,1,failed, 
5300,1597,38779.62,7/28/2025 15:37,1,failed,%$#!
5301,1095,39132.66,8/30/2025 5:10,1,, 
5302,999999,,3/11/2025 0:02,1,,REF126
5303,1419,25893.75,3/23/2025 1:06, ,SUCCESS,#VALUE!
5304,1980,30634.09,11/10/2025 22:34, ,,#VALUE!
5305,1291,47191.64,1/9/2025 2:05,1,SUCCESS,#VALUE!
5306,1840,8196.31,4/16/2025 15:01, ,pending,REF125
5307,1863,21374.65,5/7/2025 21:36,1,SUCCESS,%$#!
5308,1859,12967.783,1/15/2025 14:47,1,success,#####
5309,1348,22793.7,10/11/2025 9:32,2,, 
5310,1386,29472.69,1/7/2025 8:52,1,Failed, 
5311,1717,43171.35,11/25/2025 15:53,1,success, 
5312,-1,39931.12,5/11/2025 18:28,2,success, 
5313,1428,16968.39,9/24/2025 12:04, ,success,%$#!
5314,1299,9076.06,8/26/2025 4:06,2,SUCCESS,%$#!
5315,1589,49610.05,5/11/2025 3:34, ,,REF125
-1,1724,N/A,11/5/2025 21:42,1,failed,#VALUE!
INVALID_ID,1851,16590.1,11/24/2025 23:09,2,success,REF126
5318,1882,43571.1,3/8/2025 23:09,2,,%$#!
5319,1308,20593.04,4/5/2025 22:50,2,pending,REF126
5320,1572,16187.66,11/23/2025 4:25,2,, 
5321,1870,18899.76,10/22/2025 19:15,1,success,#VALUE!
5322,1880,35420.25,8/8/2026 9:54,1,,%$#!
5323,1335,37380.53,4/20/2025 5:31,1,,REF124
5324,1412,36950.54,1/28/2025 22:31,2,pending,#VALUE!
999999,1227,23865.05,12/9/2025 20:14,2,Failed,REF124
5326,1457,23104.46,5/31/2025 17:34, ,failed,#####
5327,1551,45091.36,7/12/2025 14:06,1,,REF124
5328,1791,14378.37,7/15/2025 3:02, ,,#VALUE!
5329,1362,39371.21,11/1/2025 11:29,1,,#####
5330,1429,,7/1/2025 11:02, ,Failed,REF125
5331,1455,15888.65,10/29/2025 17:45,2,,%$#!
5332,1059,28570.22,6/8/2025 20:32, ,,REF126
5333,1518,13206.41,9/13/2025 5:46,2,, 
5334,1976,6550.18,9/23/2025 11:02,1,,%$#!
5335,1013,1493.71,1/24/2025 6:35, ,success,REF125
-1,1598,0,5/3/2025 2:01, ,, 
5337,1104,37456.34,15-06-2025,2,Failed,#VALUE!
5338,1481,32159.67,1/1/2025 0:33, ,,REF125
5339,1597,39109.57,, ,,REF125
5340,1136,,10/6/2025 23:18,2,SUCCESS,REF126
5341,,9337.49,1/7/2025 17:42,2,,#VALUE!
-1,1696,-45735.55734,1/27/2025 2:39, ,SUCCESS, 
5343,1397,22580.81,6/26/2025 5:33,2,SUCCESS,REF125
,1171,,4/12/2025 22:15,2,pending,%$#!
5345,1918,36114.25,3/29/2025 15:18,2,,REF124
5346,1550,42977.11,4/28/2025 11:00,1,Failed,#VALUE!
5347,1208,9435529793.670033,4/14/2025 21:36,2,failed,REF125
5348,1790,10541.37,3/7/2025 3:53,2,,REF125
5349,1616,31012.84,12/11/2025 3:54,1,,REF125
5350,1938,16548.09,6/28/2025 22:10,1,Failed,#####
,1220,29400.45,12/13/2025 5:38,2,pending,REF124
5352,1056,40965.26,2/19/2025 8:59,1,SUCCESS,REF126
5353,1177,30432.9,11/23/2025 16:24,2,,REF126
5354,1053,8710.77,12/18/2025 7:30,1,Failed,#####
5355,1089,12510.46,3/18/2025 0:46, ,SUCCESS,REF125
5356,1328,,2/4/2025 3:45, ,pending,REF124
5357,1048,18060.1,6/27/2025 7:59,1,SUCCESS,#####
5358,1442,49398.27,8/18/2025 12:37,2,pending,REF125
5359,1628,7677.41,12/23/2025 6:25,1,pending,REF125
5360,1429,19153.14,1/23/2025 20:44,2,success,REF126
5361,1870,8043.86,7/27/2025 23:39, ,Failed, 
5362,999999,40537.08,9/10/2025 14:00, ,failed,REF126
-1,1582,26477.45,11/7/2025 13:06,2,pending,#####
5364,,33119.33,2/20/2025 7:05,1,Failed,REF126
5365,,1573.75,4/14/2025 19:42,2,,REF125
5366,999999,23180.878,4/25/2025 15:51,1,success,REF125
5367,,44234.97,12/28/2025 1:52,2,,#VALUE!
5368,1528,,1/5/2025 23:14,2,SUCCESS,#VALUE!
5369,1307,40241.95,10/6/2025 20:24,1,success,REF124
5370,1085,25277.72,1/14/2025 16:48,2,failed,#VALUE!
5371,1642,11066.85,12/8/2025 18:52,2,, 
5372,1933,3749.74,9/9/2025 7:54, ,Failed,REF126
5373,1863,4929.46,,1,pending,%$#!
5374,1850,0,,1,failed,REF124
5375,1778,26076.72,4/6/2025 11:52, ,,#VALUE!
999999,1583,37686.61,4/1/2025 15:03, ,SUCCESS,REF126
5377,1245,36784.06,8/8/2025 4:35,2,, 
5378,1673,27851.83,9/1/2025 10:06,1,,#####
5379,1854,7505.02,9/15/2025 16:34,1,,REF125
5380,1190,8279.24,10/24/2025 16:27,2,,REF126
5381,1251,25522.16,11/20/2025 0:58,1,,REF126
5382,1654,19991.22,4/15/2025 9:24,1,Failed,#VALUE!
5383,1850,11591,5/6/2025 4:46,2,Failed,%$#!
5384,1726,25172.17,10/3/2025 4:02, ,pending, 
999999,1990,48538.09,6/22/2025 8:10,2,Failed,REF126
5386,1766,24676.34,8/27/2025 2:46,2,SUCCESS,REF126
5387,1073,15568.491,7/25/2025 14:15,1,Failed,#VALUE!
5388,,47772.9,11/21/2025 7:25,1,success,%$#!
999999,,28801.58,12/25/2025 1:20,1,failed,#VALUE!
,1287,15300.22,5/29/2025 4:29,2,Failed,REF124
5391,1643,34723.18,1/4/2025 3:33,1,SUCCESS,%$#!
5392,1307,16715.51,11/5/2025 13:50,2,SUCCESS,#####
5393,1764,13097.67,4/6/2025 4:00,2,SUCCESS,REF125
5394,1041,13402.81,9/30/2025 1:16,2,,#####
5395,1644,34853.36,8/21/2025 17:53,2,success,%$#!
-1,1840,31345.54,1/17/2025 12:48,1,,#VALUE!
5397,1902,44309.04,4/6/2025 11:57,1,pending,REF126
5398,1464,"1,234.56",4/11/2025 21:42,1,Failed,REF126
-1,1407,,7/6/2025 14:33,1,,REF124
5400,1800,5047.74,5/26/2025 11:56,1,Failed,#VALUE!
5401,1693,15375.61,9/19/2025 1:12,2,failed,#####
5402,1634,38009.7,8/10/2025 12:10, ,,REF126
5403,1444,44899.63,4/28/2025 16:05,2,SUCCESS,REF124
5404,1812,11171.62,7/11/2025 7:38,1,,%$#!
5405,1819,183.51,6/7/2025 6:05,1,Failed, 
5406,1305,29707.43,1/19/2025 12:57, ,,%$#!
5407,1658,38336.66,15-09-2025,1,failed,#VALUE!
5408,1268,17652.26,4/9/2025 20:41,2,Failed,#####
5409,1663,4806.77,3/25/2025 2:35,2,Failed,%$#!
5410,1243,18675.32,10/18/2025 1:01,1,Failed,#VALUE!
5411,1370,"1,234.56",9/6/2025 15:47,1,,REF125
5412,1171,39365.58,, ,success,REF124
5413,1410,35830.05,8/18/2025 1:57,2,,REF124
5414,1840,27820.75,7/21/2025 5:59,1,success,REF125
5415,1290,,8/1/2025,1,success,REF124
5416,,5287.76,8/11/2025 10:41,2,Failed,REF126
5417,1034,8945.99,2/8/2025 0:11,1,,REF126
5418,1112,39040.65,6/6/2025 1:05,2,Failed, 
,1202,18432.32,7/24/2025 17:44,2,,REF124
5420,1059,10759.22,11/8/2025 0:25, ,failed,REF126
5421,1198,2404.06,7/11/2025 6:25, ,failed,#VALUE!
INVALID_ID,1232,11289.55,10/26/2025 12:06, ,Failed,%$#!
5423,1711,35194.5,1/21/2025 0:28,1,, 
5424,1233,42181.87,2025-13-01 25:61:00, ,Failed,#VALUE!
5425,1870,20783.27,8/18/2025 15:17, ,, 
999999,INVALID_ID,38191.19,11/11/2025 16:03,1,success,%$#!
5427,1200,"1,234.56",5/27/2025 15:35,2,,REF124
5428,1500,48923.57,10/22/2025 11:09,2,Failed,#VALUE!
5429,1270,18646.46,11/15/2025 1:22, ,,#####
5430,1078,34392.25,3/25/2025 1:01,1,success,REF124
5431,1523,2944.04,8/19/2025 8:12,1,,#####
5432,1739,26876.04,4/12/2025 0:58, ,success, 
5433,1028,12229.31,12/16/2025 7:01, ,success,REF125
,1173,9819.97,7/2/2025 0:43, ,SUCCESS,#VALUE!
5435,,24184.26550479796,6/30/2025 14:24,1,,REF126
,,-34467.69185,2/6/2025 10:21,1,failed,REF125
5437,1558,2513.82,8/12/2025 0:53,2,,REF126
5438,1846,32734.35,6/16/2025 18:17, ,pending,%$#!
5439,-1,45315.06,11/1/2025 17:15,1,Failed,REF126
5440,,37546.91,2/20/2025 18:06,1,SUCCESS,#VALUE!
5441,1117,2701.36,8/11/2025 20:50,1,pending,REF125
5442,1557,588.19,12/25/2025 4:12,2,SUCCESS,REF126
999999,1652,43737.73,1/2/2025 8:07,1,,#VALUE!
5444,1585,35406.56,1/5/2025 1:32,1,pending,REF124
5445,1617,27284.56,9/23/2025 0:49,1,failed,REF124
5446,1004,40181.69,5/12/2025 7:03, ,SUCCESS,REF126
5447,1222,"1,234.56",1/19/2025 6:51, ,SUCCESS,REF126
5448,1154,28589.27,,2,pending,REF126
5449,1827,24664.46,1/11/2025 10:02, ,,REF126
5450,1512,15208.066,5/9/2025 3:26,2,success,REF125
999999,1553,27786.27,5/30/2025 14:10, ,Failed,REF126
5452,1570,23266.17,5/31/2025 14:18,1,success,%$#!
5453,1964,29376.76,2/1/2025 1:55, ,,#####
5454,,29028.2,12/21/2025 8:16,1,SUCCESS,#VALUE!
5455,1270,66.1,4/28/2025 20:33,1,pending,#####
5456,1742,4681.85,5/13/2025 9:27,2,,REF126
999999,1052,44555.47,7/5/2025 8:56,2,,#VALUE!
5458,INVALID_ID,23659.19,4/23/2025 14:20, ,SUCCESS,%$#!
5459,1349,"1,234.56",7/16/2025 20:44,2,SUCCESS,REF125
5460,,30462.31,11/30/2025 7:40, ,pending,#VALUE!
5461,1863,29893.08,3/26/2025 20:25, ,success,#VALUE!
,1800,43121.99,8/20/2025 12:27,2,Failed,REF124
5463,1669,20343.08,8/17/2025 20:17,1,Failed,REF124
5464,1777,4315.68,2/17/2025 20:19,2,SUCCESS,REF126
5465,1176,27004.98,3/20/2025 8:07, ,SUCCESS,#VALUE!
5466,1964,10822.97,4/19/2025 17:04,2,SUCCESS, 
,1833,47599.04,3/29/2025 23:44, ,,REF125
5468,1626,21910.42,2/24/2025 14:15, ,,#VALUE!
5469,1517,2475.58,7/26/2025 5:51,1,SUCCESS,REF124
5470,1294,12308.176,3/6/2025 17:55, ,SUCCESS, 
,1926,12416.69,5/22/2025 19:34,1,failed, 
5472,1570,26525.2,9/21/2025 14:16, ,success, 
5473,1604,44391.3,8/30/2025 8:10,2,success,%$#!
5474,1573,47573.45,11/12/2025 0:05, ,pending,#VALUE!
5475,1495,10188.99,11/8/2025 5:57, ,SUCCESS,#####
,1370,5699.36,4/27/2025 16:05,1,SUCCESS,#VALUE!
5477,1199,,11/4/2026 11:14,1,success,REF124
5478,1319,1109.05,10/8/2025 20:19,1,success,%$#!
5479,1375,26514.87,12/4/2025 6:28, ,success,REF124
5480,1134,944.4270823668763,9/22/2025 10:52,1,Failed,#####
5481,1282,-36079.46391,10/13/2025 10:10,1,SUCCESS, 
5482,1193,25409.05,8/4/2025 16:37,1,,REF126
-1,,43228.21,2/22/2025 6:23,1,failed, 
5484,1759,5031.16,6/26/2026 17:53, ,success,REF125
,1442,,1/29/2025 14:07, ,SUCCESS,#####
5486,1868,17673.94,6/24/2025 17:57,1,pending,%$#!
5487,1589,29295.25,7/27/2025 23:27, ,SUCCESS,#####
5488,1380,21496.35,4/20/2025 16:22,1,success, 
5489,1925,23001.55,5/1/2025 7:17, ,,REF126
5490,1830,7964643514.563644,12/26/2025 11:55,1,pending,REF125
5491,1182,48393.92,10/23/2025 1:08,1,failed,REF125
5492,1808,12931.25,9/2/2025 12:53,1,failed,%$#!
5493,1637,30199.88,2/12/2025 20:14, ,Failed, 
5494,1728,43334.12,12/22/2025 15:46, ,pending,REF126
INVALID_ID,1231,32053.335,12/2/2025 14:24, ,pending,REF124
999999,1031,30090.3,3/30/2025 13:37, ,Failed,REF124
5497,1900,48451.82,4/12/2025 15:12, ,SUCCESS, 
5498,1226,0,9/2/2025 11:38,1,,#VALUE!
5499,1695,47213.925,11/15/2025 7:09,2,failed,REF125
5500,1067,21084.15,4/9/2025,2,success,%$#!
5501,1940,16531.46,11/8/2025 3:02,1,Failed,#####
5502,1551,38094.86,6/11/2025 8:10,2,,REF126
5503,1488,12497.36,6/17/2025 11:47,2,failed,#VALUE!
5504,1308,N/A,8/24/2025 0:04,2,failed,#####
5505,1720,42129.22,2/26/2025 13:32,1,SUCCESS,REF125
5506,1862,-32950.00307,9/7/2025 1:19, ,failed,#VALUE!
5507,1504,3105.2,12/2/2025 4:29,1,,REF126
5508,1636,28749.7,11/28/2025 12:47,1,SUCCESS,REF124
5509,1604,17370.64,6/27/2025 8:30,1,SUCCESS,#VALUE!
5510,1845,1033.71,4/7/2025 12:40,1,SUCCESS,REF124
,INVALID_ID,5118.47,7/4/2025 17:24, ,,REF124
-1,1583,-22958.88169,1/18/2025 9:46,1,SUCCESS,%$#!
5513,999999,,5/19/2025 10:46,2,SUCCESS,#####
5514,1055,31720.79,3/1/2025 3:39,1,failed,REF126
-1,1691,3606.76,11/12/2025 17:49,1,SUCCESS,#####
5516,1328,47071.95,2/5/2025 9:25,1,pending,REF125
5517,1750,17497.36,4/9/2025 14:47,2,pending, 
5518,1631,34615.73,7/12/2025 16:42,2,SUCCESS, 
5519,1401,25770.81,,1,Failed,REF125
5520,1123,3767.95,6/17/2025 23:53,2,,REF126
5521,1894,N/A,5/3/2025 2:20,1,success,REF126
5522,1512,29802.54,3/15/2025 17:30,2,SUCCESS,%$#!
5523,,37270.89,1/31/2025 13:02, ,success, 
5524,1427,10866624715.661936,8/19/2025 15:31,1,pending,%$#!
5525,1997,46916.62,7/17/2025 9:17,2,Failed,REF126
5526,-1,46633.2,2025-13-01 25:61:00, ,SUCCESS,REF126
5527,1342,37945.24,,1,pending,REF125
5528,1731,31934.01,3/1/2025 22:31,2,Failed,#####
5529,1360,11202.64,5/2/2026 4:40,2,pending,REF124
5530,1454,29220.22,9/7/2025 3:36, ,success,#####
5531,1622,4017.57,1/14/2025 17:11,2,pending,REF126
5532,1527,43426.45,2/2/2025 14:56, ,success,#####
5533,1046,41060.29,12/26/2025 16:08, ,failed,REF126
5534,1938,,5/16/2025 17:28,2,failed, 
5535,1438,38537.99,, ,,#VALUE!
5536,1387,"1,234.56",5/25/2025 3:37,1,success,REF126
,,33256078389.10797,4/23/2025 15:40,1,,%$#!
5538,1059,1615.97,8/7/2025 20:59, ,,REF124
5539,1213,22939.47,5/1/2025 8:04, ,failed,%$#!
5540,1013,12474.1,1/12/2025 14:46, ,success, 
5541,1320,,6/19/2025 23:30,2,success, 
5542,1659,19404.92,3/17/2025 14:16,1,,%$#!
5543,1817,22644.46,1/2/2025 14:56,1,success,%$#!
5544,1132,18645.4,11/26/2025 7:59,2,,REF125
5545,-1,36842.11,11/27/2025 10:24,2,pending,REF126
999999,1519,20670.25,3/11/2025 18:51,1,,#####
5547,1539,N/A,3/17/2025 5:25,1,,#VALUE!
5548,1485,40525.16,4/28/2025 15:31,2,SUCCESS, 
5549,1818,12590.55,9/10/2025,1,failed,REF126
5550,1240,0,1/13/2025 6:13, ,pending,REF124
5551,1389,13215.334,8/11/2025 19:46,1,,%$#!
5552,1025,4671.12,2/9/2025 14:06, ,,#####
5553,999999,18949.34,10/10/2025 1:25,2,SUCCESS,REF124
5554,1685,2311.06,3/18/2025 21:31,1,success,REF124
5555,1113,,9/28/2025 20:18,2,success, 
5556,999999,161.21,5/21/2025 6:14, ,pending, 
5557,1281,19350.27745842267,24-03-2025,1,pending,#####
5558,1268,19516.79,3/1/2025 5:05,2,,#VALUE!
5559,1483,,12/31/2025 0:49,1,,#VALUE!
5560,1642,22516.39,8/25/2025 7:14, ,failed,#####
,1765,9331.82,1/2/2025 16:08,2,success,#####
5562,1171,-11725.453,7/9/2025 20:58, ,SUCCESS,#####
5563,1089,49822.72,6/8/2025 1:32, ,SUCCESS,%$#!
5564,1231,1114.85,6/5/2025 8:19,2,pending,REF126
5565,1574,40824.61,1/27/2025 22:15,1,pending,#####
5566,1252,2725.18,20-10-2025,2,success,REF126
5567,1978,15694.27,3/20/2025 10:40, ,,%$#!
5568,1454,3740.5243433666965,1/21/2025 5:20,2,,REF125
5569,1024,14721.55,11/26/2025 19:11,2,SUCCESS,%$#!
5570,1232,15186.75,12/26/2025 11:22,2,,REF126
5571,1234,34001.32,4/5/2025 16:24, ,SUCCESS,REF126
5572,INVALID_ID,29304.05,3/25/2025 6:44,2,SUCCESS,REF124
5573,1980,22845.282811717196,8/9/2025 13:26,2,failed,REF124
5574,1711,"1,234.56",10/17/2025 19:32, ,, 
5575,1866,33079.64,7/6/2025 2:07,2,, 
5576,1464,49552.1,3/19/2025 23:12, ,pending,REF126
5577,1493,,9/6/2025 23:20,1,pending,#VALUE!
5578,1844,44047.774,1/10/2025 12:20,1,SUCCESS,REF126
5579,1570,37518.26,11/15/2025 7:19,1,failed,%$#!
5580,,48860.16,1/2/2025 21:41,1,Failed,#VALUE!
5581,1734,34795.73,10/18/2025 5:55,1,Failed,REF125
5582,999999,,, ,Failed, 
5583,1802,-38547.36107,1/29/2025 15:51,1,Failed,REF126
,1470,48398.75,2/4/2025 1:36,1,failed,REF124
5585,1688,38200.89,5/26/2025 19:36, ,,REF125
5586,1782,35458.82,2/19/2025 15:42, ,Failed,REF126
5587,INVALID_ID,6287.2,4/6/2025 3:40,2,,%$#!
5588,1922,20978.6,10/27/2025 20:29,2,success,#VALUE!
5589,1899,4126.48,4/22/2025 15:00, ,,REF125
5590,1653,"1,234.56",10/24/2025 22:22,1,SUCCESS,%$#!
5591,1622,45657.39,11/26/2025 4:21,2,Failed,REF126
5592,1856,33337.94,3/11/2025 18:47,1,,REF126
5593,1921,40261.81,5/28/2025 18:50,2,failed,%$#!
5594,1597,16077.87,3/13/2025 20:24,2,SUCCESS,#VALUE!
5595,1263,38018.02,10/1/2025 4:51,2,,#####
5596,1115,15490.06,6/15/2025 11:24, ,success,#####
5597,,4304.39,9/20/2025 1:43,2,pending,%$#!
5598,1789,8386.63,1/21/2025 5:53,2,pending,REF124
5599,1100,13359.01,3/7/2025 8:39,2,Failed,REF124
5600,1741,10857.39,7/27/2025 20:18,1,success,%$#!
5601,1327,47571.83,6/26/2025 20:22,1,,%$#!
5602,1200,42643.11,8/8/2025 3:53, ,success,%$#!
5603,1260,3720.85,12/25/2025 5:33, ,Failed,REF126
5604,1540,47894.2,2/10/2025 3:51,2,success,#VALUE!
,1298,,6/4/2025 12:54,1,SUCCESS,#VALUE!
5606,1970,8348.11,7/1/2025 2:34, ,pending,#VALUE!
5607,1885,23611.58,3/8/2025 16:57,1,success, 
5608,1437,27261189921.791397,,2,Failed,REF125
5609,,23524.52,9/22/2025 19:34, ,Failed,REF124
5610,1714,-19808.21896,5/9/2025 22:37,1,SUCCESS,%$#!
5611,1018,25687.72,2/20/2025 1:24, ,,#VALUE!
5612,1212,586.23,2025-13-01 25:61:00,1,failed,#####
5613,1541,33499.79,6/27/2025 10:35,2,failed,%$#!
5614,1117,42478.56,6/11/2025 9:08, ,, 
,1432,19306.07,4/7/2025 14:19,2,success,REF126
,1382,992.0514323358375,8/14/2025 8:38,1,SUCCESS, 
5617,1559,27638.335805178373,6/8/2025 3:32, ,Failed,REF126
,1422,29338.11,1/3/2025 8:35,1,SUCCESS,REF125
5619,1624,48912.33,5/9/2025 2:51,1,success,%$#!
5620,1381,6701.3,7/15/2025 10:17,1,SUCCESS,REF124
5621,1466,17524.58,11/27/2025 10:20,1,,#VALUE!
5622,1414,33834.29,2/11/2025 8:42,2,,#####
5623,1794,34306.87,10/1/2025 10:54,1,Failed, 
5624,,13854.2,4/9/2025 22:13, ,success,REF126
5625,1924,35349.6,7/31/2025 2:25, ,,REF124
5626,1869,8945.64,9/30/2025 19:56,1,SUCCESS,#VALUE!
5627,1302,9093.28,6/7/2025 23:19,2,pending,#####
5628,1613,34046.94,10/3/2025 5:00,2,success,%$#!
5629,1421,16290.67,,2,success,REF126
5630,1913,23264.5,9/14/2025 1:05,1,SUCCESS, 
5631,1119,26108.31,12/22/2025 12:16,2,success,#####
5632,1443,25403.99,9/24/2025 17:59, ,success,#####
5633,1399,12358.52,12/10/2025 6:08,1,pending,REF124
5634,1477,34811.79,7/22/2025 6:51,1,failed,#####
5635,1903,7319.41,9/11/2025 4:43, ,pending,#VALUE!
5636,1264,19826.49,1/2/2025 13:57,1,,%$#!
5637,1291,47134.83,4/18/2025 10:57, ,,REF126
5638,1657,13891.33,6/6/2025 12:09,1,Failed,REF125
5639,1761,46316.28,10/26/2025 11:47,1,SUCCESS,%$#!
5640,1581,40026.59,9/11/2025 7:29, ,pending,#####
5641,1625,35546.39,11/12/2025 11:53,2,Failed,%$#!
5642,1989,22549.45,6/11/2025 19:21, ,SUCCESS, 
5643,1073,41199.37,11/23/2025 14:45,1,Failed,#####
5644,1453,42017.86,12/8/2025 19:41, ,success,#VALUE!
5645,1197,180.57,8/15/2025 18:02,2,Failed,#####
5646,1732,11853,8/4/2025 6:41,2,failed,REF125
5647,1745,48102.16,3/17/2025 22:49,1,SUCCESS,REF125
5648,1711,14272.94,10/30/2026 23:00,2,pending,REF125
5649,1131,14636.36,8/16/2025 6:05,2,success, 
5650,1376,2142.99,6/9/2025 15:28,1,success,%$#!
999999,1199,46670.71,7/2/2025 13:43, ,,REF125
5652,1163,33150.46429651542,9/20/2025 22:06, ,Failed,%$#!
5653,1862,20290.8,2/28/2025 0:45,1,,REF125
5654,1242,19340.85,, ,failed,#VALUE!
,1378,16681.705,10/2/2025 1:32,2,failed,#####
5656,1510,33624.6,9/8/2025 22:42,2,failed,REF124
5657,1196,33934.79,3/11/2025 2:33,2,pending, 
5658,1409,40989875575.27087,1/7/2025 17:55,1,pending,#####
5659,INVALID_ID,,10/28/2025 7:17,2,Failed, 
5660,1961,3403.4,2/20/2026 0:27,1,failed,REF126
-1,1213,21849.36,5/29/2025 12:09, ,success,#####
5662,1664,40903.98,8/20/2025 13:37, ,,#VALUE!
5663,1801,42512.54,3/3/2025 23:43,1,success,REF126
5664,INVALID_ID,7308.62,10/18/2025 17:26,2,Failed,REF125
5665,1055,24575.23,3/6/2025 16:01, ,,REF124
5666,1063,33028.68,3/7/2025 0:23,1,success,REF124
5667,1054,20983.36,10/15/2025 15:22,1,failed, 
5668,1013,41104.68,3/2/2025 10:35,2,Failed,REF126
5669,1836,10915.07,7/12/2025 4:02,1,Failed,%$#!
INVALID_ID,1014,30319.49,6/27/2025 22:15,1,Failed,#VALUE!
5671,-1,25031.15,4/29/2025 23:03, ,pending,#####
5672,1814,7374.05,9/8/2025 1:35,1,,REF124
5673,,24659.95,5/10/2025 23:31,1,success,#####
5674,1555,34514.19,4/29/2025 16:31,1,Failed,#####
5675,1591,23337.29,10/23/2025 12:44,2,failed,REF126
5676,1570,33628.95,1/7/2025 23:49, ,,%$#!
5677,,1035.04,1/1/2025 10:56,1,Failed,REF126
INVALID_ID,1701,N/A,2/10/2025 4:19, ,,REF126
5679,1846,21261.21,6/21/2025 21:39, ,,REF126
5680,1155,33501.06,1/14/2025 14:06,2,success,REF124
5681,INVALID_ID,5351.46,10/10/2025 3:35,1,success,REF124
,1152,8215.44,9/23/2025 3:01, ,,#VALUE!
5683,1012,44290.51,9/9/2025 19:43,1,SUCCESS,#####
5684,1679,43414.4,5/1/2025 2:15, ,,REF125
5685,1354,30795.73,4/20/2025 5:43,2,success, 
5686,1357,2015.5,12/16/2025 16:51, ,success,REF124
5687,1469,43426.49,8/11/2025 16:44,1,,#####
5688,1458,45030.45,7/25/2025 21:46,1,,%$#!
5689,1090,32882.1,10/9/2025 0:19,2,pending,REF125
5690,1281,2962.69,6/5/2025 15:25, ,pending,#####
5691,1690,1389.12,3/12/2025 22:29,2,failed,REF126
5692,1324,5508.55,1/23/2025 0:58,2,,REF125
-1,1819,12551.75,3/28/2025 8:39,1,pending,REF126
5694,1365,-33317.12179,9/27/2025 16:42,1,,REF124
5695,1959,"1,234.56",3/2/2025 3:25,1,SUCCESS,#####
5696,1507,42585.53,8/12/2025 2:13, ,,#VALUE!
5697,1495,35927168984.76625,10/22/2025 15:33,2,, 
5698,1699,22370.48,8/15/2025 18:06, ,failed,REF125
5699,1106,34125.54,4/12/2025 20:21,2,success,%$#!
5700,1511,17239648561.108524,6/23/2025 5:09,1,Failed, 
5701,1634,22777.05,5/9/2025 9:48,2,Failed, 
5702,1264,3510.1,12/26/2025 16:51,2,pending,#VALUE!
5703,1595,,6/18/2025 22:09,2,pending,%$#!
5704,1679,12595.84,3/1/2025 11:50, ,success,%$#!
INVALID_ID,1540,12157.94,2/16/2025 3:33, ,Failed,REF124
5706,1368,35277.29,15-12-2025,2,,REF126
5707,,N/A,2/9/2025 15:59, ,failed,%$#!
5708,1133,12441.39,3/10/2025 10:52, ,,#VALUE!
5709,1732,20722.13,6/27/2025 7:31,1,SUCCESS,%$#!
5710,1192,0,7/31/2025 11:23, ,Failed,REF126
5711,1499,0,8/30/2025 18:53,1,SUCCESS,REF125
5712,1410,35447.11,9/2/2025 1:50,2,failed,REF124
5713,1180,45747.77,9/19/2026 19:16,2,Failed,REF126
5714,1854,46121.01,7/28/2025 11:52,2,failed,#####
5715,1709,"1,234.56",9/18/2025 3:26,2,success,REF126
,1834,23040.56,10/17/2025 15:17,1,failed,REF125
5717,1888,49009.13,10/18/2025 20:55,2,,REF126
5718,1437,16929.31,5/28/2025 1:55,1,,REF124
5719,,28073.85,,2,success,REF124
5720,1549,31683.1,4/5/2025 6:17,2,Failed,#####
5721,1197,42575.9,4/9/2025 21:52,2,success,REF126
999999,1365,47078.84,9/5/2025 0:12,1,,REF126
5723,1563,,5/14/2026 20:47, ,, 
5724,1156,20556.7,11/6/2025 1:03,1,pending,#VALUE!
5725,1469,20807.67,11/3/2025 7:21,1,SUCCESS,REF124
5726,1884,11680.69,,1,Failed, 
5727,1285,37319.09,3/14/2025 18:48, ,failed,REF126
5728,1072,30134.27,2025-13-01 25:61:00,2,,REF126
5729,1433,13125.43,6/13/2025 18:57, ,failed,REF124
5730,1024,3004.887,11/30/2025 18:41,2,failed,#####
5731,1029,25252.49945458034,7/31/2025 9:15,2,failed,REF126
999999,1562,27428.32,,1,pending, 
5733,1838,40415.42,2/20/2025 5:10, ,success, 
5734,1169,15972.57,8/30/2025 4:05,1,,#####
5735,1595,24757.14,1/10/2025 20:54, ,SUCCESS, 
5736,1664,28179.09,4/27/2025 15:34, ,success,REF124
5737,1980,11251.59,5/2/2025 12:50, ,,#####
5738,1918,47123.09,22-10-2025, ,, 
5739,1098,9289.45,4/25/2025 17:17, ,Failed,#VALUE!
5740,1061,33257.31,8/30/2025 22:25,2,,#VALUE!
5741,1026,-15044.26653,11/30/2025 7:24, ,, 
5742,1093,43908.76,3/19/2025 18:41, ,pending,REF125
5743,1296,28814.932111376515,8/3/2025 6:00, ,, 
5744,1850,15883.38,12/26/2025 6:18,2,SUCCESS,REF126
5745,-1,"1,234.56",1/4/2025 4:04, ,Failed,REF125
5746,1089,40005.81,11/8/2025 2:16,2,SUCCESS,#####
5747,1070,31189.47,8/1/2025 9:08, ,Failed,#VALUE!
5748,1244,,2/3/2025 12:29, ,pending,REF126
5749,-1,14535.46,8/29/2025 0:49,1,failed,REF126
999999,1569,28940.86,5/20/2025 23:45,1,,%$#!
5751,1586,"1,234.56",5/5/2025 15:18,2,failed, 
5752,1836,7622.64,1/21/2025 21:46,1,Failed,%$#!
5753,1728,4299.55,8/1/2025 18:23,2,,REF124
5754,1117,14563.58,4/3/2025 21:17,1,success,REF126
5755,1023,39960.7,11/7/2025, ,success,REF125
5756,1486,35792.13,10/2/2025 18:14, ,SUCCESS,REF125
5757,-1,10487.93,7/13/2025 4:41,2,,#####
5758,1078,37230.44,12/12/2025 4:20,1,,#####
5759,1867,42852.13,6/14/2025 20:51, ,success,#####
5760,1013,45704.17,9/24/2025 13:53,1,Failed,REF124
5761,1140,,9/22/2025 13:07, ,,REF124
5762,,3331.78,4/7/2025 22:52, ,failed,%$#!
5763,,44483.14,12/9/2025 9:53, ,SUCCESS,#VALUE!
5764,1565,12208.12,8/13/2025 9:12,1,,#VALUE!
5765,1871,34637.99,4/17/2025 13:06, ,,%$#!
5766,1115,28826.61,12/24/2025 0:51,2,failed,%$#!
5767,1796,28061.65,6/3/2025 22:31, ,failed,#####
5768,1197,1675.45,6/20/2025 11:33, ,SUCCESS,REF125
5769,1431,36915.81,6/2/2025 14:02,2,success,#VALUE!
5770,,16679.17,2025-13-01 25:61:00,1,Failed,#VALUE!
999999,1525,37477.37,6/20/2025 15:37,1,SUCCESS,REF126
5772,1319,3468.68,2/9/2025 14:29,2,success,REF124
5773,1880,"1,234.56",5/10/2025 6:21,2,,#####
5774,1276,8813.72,7/16/2025 17:27,2,Failed,REF126
5775,1965,0,1/11/2025 14:28,1,,REF126
,1692,49594.4,6/9/2025 8:00,2,,#VALUE!
5777,1236,30068.63,7/12/2025 20:06,1,failed, 
5778,1991,45359.5,11/29/2025 22:03,1,,REF126
5779,1761,26542.33,5/7/2025 3:45,1,pending,#VALUE!
5780,1021,1517.36,9/23/2025 5:43,2,Failed,%$#!
5781,999999,34674.01,4/17/2025 20:04,1,failed,REF125
5782,1575,23719.37,6/13/2025 2:25, ,,%$#!
5783,1584,43819.831,5/19/2025 0:33,2,pending,%$#!
5784,1396,41773.58,9/28/2025 0:47,1,,REF126
5785,1445,,12/12/2025 6:01,1,,#VALUE!
5786,INVALID_ID,15336.35,10/19/2025 18:15,1,, 
5787,1320,10682.29,4/19/2025 3:47,2,Failed, 
5788,1498,-42619.50617,6/30/2025 15:15,2,success,REF125
5789,1128,32822.85,10/14/2025 18:43,2,,#VALUE!
5790,1894,15121.69,8/31/2025 22:12,1,failed, 
5791,1910,38704.73,3/24/2025 19:47,1,,REF126
5792,1829,32938.82,4/26/2026 19:48,2,,%$#!
5793,1906,47531.75,7/21/2025 0:52,2,SUCCESS,REF126
5794,1746,49395.93,12/12/2025 16:23,2,,REF126
5795,1074,36399.681,1/30/2025 12:59, ,success,REF125
5796,1260,5198.4,10/22/2025 11:23, ,success,%$#!
5797,1310,45919.72,3/13/2025 17:45,1,,#VALUE!
5798,1685,41947.18,1/22/2025 22:40,1,success, 
5799,1123,16749.998952258396,9/10/2025 8:35,1,,REF125
5800,1031,20338.64,6/8/2025 21:05, ,pending,#VALUE!
5801,1019,35960.28,8/10/2025 18:57,1,,REF126
,1064,33448391925.199677,, ,,REF124
5803,1699,37862.79,1/19/2025 2:44, ,Failed,#####
5804,INVALID_ID,36672.1,11/10/2025 15:13, ,, 
5805,1037,35329.74,7/15/2025 23:16,2,SUCCESS,REF126
5806,1711,27064.21,6/9/2025 4:02, ,pending,REF124
5807,1817,17048.67,7/2/2025 21:01, ,Failed,%$#!
,1091,5193,7/5/2025 2:30, ,Failed,REF125
5809,1941,38247.47,6/19/2025 21:27, ,failed,#VALUE!
5810,,37172.43,3/8/2025 17:34, ,SUCCESS,REF125
5811,1453,N/A,10/29/2025 2:05,1,,REF126
5812,1040,21662.39,6/30/2025 13:58, ,SUCCESS,#VALUE!
5813,999999,24135.28,10/7/2025 16:01,2,success,REF124
5814,1900,20439.32,7/11/2025 7:03, ,failed,#####
5815,999999,"1,234.56",2/24/2025 7:09,1,Failed,%$#!
5816,1833,16884.08,4/1/2025 12:26, ,success,REF125
5817,1844,2707.67,9/12/2025 8:51,2,failed,#VALUE!
5818,1034,9915.81,2/18/2025 1:48,1,,REF125
5819,1830,19961.25,5/20/2025 19:53,1,failed,#VALUE!
999999,1640,22022.41,12/30/2025 5:08, ,,REF126
5821,1972,877.3,5/24/2025 12:15,2,SUCCESS,#####
5822,1309,18414.07,8/30/2025 1:34, ,Failed,%$#!
5823,1030,41204.19,7/25/2025 13:36,2,pending,%$#!
5824,1743,10708.57,8/23/2025 6:30,2,failed,#####
5825,1479,43132.3,2025-13-01 25:61:00,1,,%$#!
5826,1608,33725.92,2/1/2025 8:09,2,,REF126
5827,1130,43853.7,9/18/2025 15:03,2,,REF126
5828,1468,23578.01,2/25/2025 6:34,2,failed,REF126
5829,-1,26410.47,7/2/2025 9:56,2,,%$#!
5830,1333,45381.84,9/20/2025 18:58, ,pending, 
5831,1618,14487.07,11/2/2025 23:31,1,SUCCESS, 
5832,1445,-3770.59646,2/17/2026 3:50,1,failed,#####
5833,,47248.15,5/27/2025 0:58, ,,REF124
5834,1171,23087.15,10/11/2025 9:25,1,failed,#####
,1462,3312.33,2/7/2025 7:08,2,, 
5836,1010,36013.87,11/30/2025 13:08,2,failed,%$#!
5837,1311,27903.14,7/2/2025 3:39, ,,REF126
5838,1645,-21565.73714,3/18/2025 19:53,2,pending,REF126
5839,1299,33109.7,4/21/2025 21:39,1,success,#VALUE!
5840,1252,28753.69,3/24/2025 21:06, ,,#VALUE!
,1552,37222.8,7/14/2025 15:16,2,failed,REF126
5842,1339,4439.39,6/24/2025 12:20, ,,%$#!
5843,1944,22280.78,1/17/2025 20:28,2,SUCCESS, 
5844,1326,7929.24,1/18/2025 12:09, ,failed,#####
5845,1605,40120.64,12/28/2025 7:23,1,SUCCESS,#VALUE!
5846,1237,16532.33,2/9/2025 15:51,1,,#####
5847,1842,N/A,5/1/2025 12:35,1,,REF126
5848,,2976.98,4/18/2025 6:24,2,Failed,REF126
5849,999999,21330.16,6/16/2026 6:39, ,,#####
5850,1744,15684.83,7/15/2025 5:34,2,, 
5851,1653,39402.05,8/22/2025 20:42,1,pending,REF124
,1134,,5/2/2025 20:47,2,pending,REF126
INVALID_ID,,42736.45,12/7/2025 4:38, ,success, 
5854,1876,4779.11,1/22/2025 6:45,1,pending,#####
,1827,38547.73,11/1/2025 15:14,1,, 
5856,1364,40658.3,12/27/2025 16:07,2,,#VALUE!
5857,1083,,5/1/2025 20:29, ,,%$#!
5858,1871,47388.87,7/10/2025 10:49,2,success,#VALUE!
5859,1614,11039.16,3/17/2025 14:51,1,,%$#!
5860,1984,42987.26,1/21/2025 6:11,2,,REF126
5861,1489,23585.67,3/2/2025 0:02,2,Failed,%$#!
5862,1007,45911.05,11/3/2025 9:56,2,Failed,#####
5863,1033,19447.07,6/16/2025 17:36,2,success,%$#!
5864,999999,-41581.54628,9/17/2025 2:59, ,success,%$#!
5865,1727,30748.33,1/24/2025 0:35,2,failed,#####
5866,1895,36046132645.51761,2/28/2025 12:05,2,,%$#!
5867,1835,32922.36,1/8/2025 19:56,2,,%$#!
INVALID_ID,1648,27401.27,5/14/2025 12:15, ,success,REF126
5869,,343.994,2/10/2025 2:04,1,,REF125
5870,,40373.29,8/26/2025 8:39,1,,REF124
,1039,13695.1,8/8/2025 19:52,2,SUCCESS,REF126
5872,,37023.11,11/18/2025 10:41, ,Failed, 
5873,1268,11060.91,10/16/2026 22:25,2,pending,#####
5874,1622,33274.52,5/20/2025 10:55, ,pending,#VALUE!
5875,1666,42406.2,6/7/2025 18:23, ,Failed, 
5876,1899,4831.52,2/23/2025 23:25,1,Failed,#####
5877,1126,18797.48,10/31/2025 19:43,2,failed,#####
5878,1623,6091.94,10/7/2025 7:03,1,,#VALUE!
5879,1786,13539.91,10/15/2026 14:47,1,Failed,%$#!
5880,1387,41084.93,12/15/2025 7:12,2,success,%$#!
5881,1974,7418506803.351306,5/13/2025 2:55, ,failed,REF125
5882,1399,37268.99,6/1/2025 15:31,2,pending,#VALUE!
5883,1110,,12/15/2025 9:31,2,,REF126
5884,1089,18604.77,11/19/2025 1:49,2,pending,%$#!
5885,1152,,12/24/2025 19:40,2,failed,REF126
5886,1264,39651.88,2025-13-01 25:61:00, ,SUCCESS,%$#!
5887,1948,34748.61,11/24/2025 7:44, ,,REF124
5888,1493,N/A,12/27/2025 9:18,2,success,REF126
5889,1150,47019.1,2/12/2025 8:24,1,pending,REF124
5890,1823,15571.08,7/21/2025 16:23, ,Failed,#####
999999,1445,25221.54,12/5/2025 5:46,2,, 
5892,1218,47519993563.61228,9/1/2025 7:05, ,,REF126
5893,1765,-16380.43273,9/21/2025 21:59,2,pending, 
5894,1025,18307.89,7/3/2025 4:48, ,pending,REF124
5895,1451,N/A,8/1/2025 0:55, ,pending,REF124
5896,1723,36161.798,22-03-2025, ,SUCCESS,#VALUE!
5897,1220,30228.65340873324,2/19/2025 20:43,1,Failed,#####
999999,1492,4155.87,1/2/2025 11:21,2,failed,REF126
5899,1824,17805.83,5/17/2025 21:47, ,SUCCESS,#####
5900,1953,30635.9,11/27/2025 14:37,1,,#VALUE!
,1248,22573.63,2025-13-01 25:61:00,2,success, 
5902,1210,15111.32,10/4/2025 7:05,2,,#VALUE!
5903,1564,26557.62,7/11/2026 16:37,1,pending,REF126
5904,1952,"1,234.56",6/27/2025 5:26,1,failed,REF126
5905,999999,43380.9,2/15/2025 15:24,1,failed,REF126
5906,1891,46472.48,3/22/2025 6:57,2,Failed, 
5907,1749,26291.75,6/28/2025 13:56,2,SUCCESS,REF126
5908,,19280.55,,2,Failed,REF124
5909,1386,49623.88,3/12/2025 6:54,1,, 
5910,999999,42942.93,8/4/2025 18:32,1,Failed,REF125
5911,1136,29954.9,10/8/2025 8:48, ,SUCCESS,REF124
5912,1858,1882.37,12/11/2025 15:34, ,success,%$#!
5913,1237,45711.58,11/12/2025 2:32,2,pending,#####
5914,1575,15498.88,2/8/2025 2:09, ,SUCCESS,REF124
5915,,23410.74,,1,,%$#!
5916,1743,31314.66,6/9/2025 12:39,1,,#####
5917,1947,31289.92,1/29/2025 10:45,1,failed,REF124
5918,1772,42665.98,8/12/2025 18:34,2,SUCCESS, 
5919,1472,18337.06,3/23/2025 0:28,1,success,%$#!
5920,1497,17335,9/11/2025 8:24, ,pending,#####
5921,1442,10064.18,6/7/2025 16:35,1,,REF125
5922,1033,5357.8,4/20/2025 22:17, ,SUCCESS,%$#!
5923,1995,3775.56,1/1/2025 23:38,1,success, 
5924,1403,40972.67,,2,,#VALUE!
5925,1819,17164.22,9/14/2025 21:26,1,pending,#VALUE!
,1627,11596.76,9/20/2025 8:54,2,pending, 
5927,1185,15312.35,7/17/2025 15:27,2,SUCCESS,REF125
5928,1449,18185.45,11/24/2025 20:58, ,,%$#!
5929,1936,38422.63,2/14/2025 21:45, ,success,REF124
,1633,24981.92,11/21/2025 22:32, ,,REF125
5931,1989,25443.89,2025-13-01 25:61:00, ,,#####
5932,1351,17371.11,11/19/2025 7:43,1,,REF126
5933,1300,9767.64,12/10/2025 4:45,2,SUCCESS, 
5934,1205,32909.75,6/2/2025 21:37, ,pending, 
5935,1753,19392.94,17-10-2025, ,Failed, 
999999,1643,22195.45,1/15/2025 0:16, ,,#VALUE!
5937,1024,8524.17,11/20/2025 0:28,1,, 
5938,1322,,11/13/2025 9:56,2,,#VALUE!
5939,,414.2,10/11/2025 6:28,1,failed,REF125
5940,1594,12421.35,8/27/2026 20:03,1,,#VALUE!
5941,1830,10491.14,,1,success,REF126
5942,1223,1514.2387047081572,5/21/2025 4:25,2,Failed,#VALUE!
5943,1462,44548.09,9/9/2025 13:10,2,SUCCESS,#VALUE!
5944,1807,37291.07,3/18/2025 8:07,1,Failed,%$#!
5945,1485,39138.85,13-11-2025,2,,REF125
5946,1021,24172.79,6/2/2025 3:16,2,success,#VALUE!
-1,1606,23493.17,2025-13-01 25:61:00, ,, 
5948,1257,32782.27,8/18/2025 3:35,2,pending,#####
,1968,38438.27,3/14/2025 3:07,1,success,#####
5950,1413,-37823.05473,11/25/2025 14:34,2,, 
999999,999999,11995.81,3/26/2025 19:50, ,,REF126
5952,1503,29433.07,10/13/2025 23:55,2,,REF125
,1254,498.63,13-08-2025,2,Failed,#VALUE!
5954,1821,,1/16/2025 20:33,2,SUCCESS,REF124
5955,1540,15104.47,3/18/2025 5:26,2,pending,#VALUE!
5956,1529,21671.33,,2,,REF125
5957,1268,,6/25/2025 10:01, ,,%$#!
5958,1250,49302.11,7/11/2025 5:56,2,Failed, 
5959,1639,49692.67,8/17/2025 5:02,1,,REF125
5960,1190,44378.86,6/14/2025 9:40,2,failed,REF125
5961,1127,N/A,8/21/2025 6:51, ,pending,#VALUE!
5962,1200,44582.07,6/5/2025 4:04, ,,REF124
5963,999999,29678.77,11/5/2025 16:32, ,,#VALUE!
5964,1699,5917.88,2/6/2025 6:43,1,failed, 
5965,,33231.85,9/27/2025 1:59,1,,REF126
INVALID_ID,1129,43730.59,4/3/2025 5:47, ,pending,REF124
5967,1983,22441.96,10/21/2025 18:58,1,Failed,REF125
5968,1906,37436.03,9/22/2025 1:12,2,,REF125
5969,1107,24326.67,7/20/2025 2:11,1,,#VALUE!
5970,1281,47836.63,5/21/2025 17:13,1,, 
5971,1428,36204.68,1/16/2025 22:19, ,pending,#VALUE!
5972,1126,41536.92,10/16/2025 1:31,2,SUCCESS,#####
5973,1691,38122.24,10/15/2025 4:10, ,pending,#####
,1333,32737.63,4/3/2025 4:02,2,success,REF126
5975,1955,17366.15,12/1/2025 8:34,1,SUCCESS, 
5976,INVALID_ID,33219.16,6/23/2025 14:36, ,SUCCESS,REF124
5977,1508,43700.3,3/26/2025 4:57,1,failed,REF125
5978,1295,24152.25,11/7/2025, ,success,#####
5979,1338,27393.59,12/15/2025 2:56,2,Failed, 
5980,1914,33903.33,11/25/2025 8:12,2,,REF124
5981,1372,46509.95,4/13/2025 8:04,1,Failed,REF125
5982,1384,"1,234.56",7/7/2025 10:51,2,,%$#!
5983,1064,5703.13,7/12/2025 19:07,2,success,#####
5984,INVALID_ID,16852.68,5/19/2025 2:51,1,SUCCESS,%$#!
5985,1850,47913.05,5/25/2025 20:43,1,failed,#####
5986,1495,-20767.32365,1/4/2025 0:30,1,,%$#!
5987,1594,35891.09,2/4/2025 11:37,1,Failed,REF124
5988,1482,31306.07,6/1/2025 20:05, ,failed,#####
5989,1797,43523.51,7/23/2025 7:29,2,success,%$#!
5990,1530,33976.88,5/25/2025 9:28,1,SUCCESS,REF126
5991,-1,N/A,2025-13-01 25:61:00, ,SUCCESS,REF124
,1702,47024.53,1/17/2025 12:44,1,pending,#VALUE!
5993,1685,"1,234.56",7/26/2025 17:21,1,pending,REF124
5994,1290,37646.89,6/6/2025 23:14, ,Failed,%$#!
5995,1901,27206.7,4/25/2025 3:46,2,failed,#VALUE!
5996,1445,40817.79,6/29/2025 20:24,1,SUCCESS,#####
5997,1700,41030.53,11/1/2025 19:45, ,pending,#####
5998,1699,42744.14,5/31/2025 18:00,2,SUCCESS, 
5999,1313,30512.5,2/5/2025 16:07, ,failed,REF125
