transaction_id,customer_id,account_id,amount,transaction_type,status,payment_method_id,reference_id,created_at
10000,999999,760,22328.84,credit,failed,2,#####,8/6/2025 23:10
10001,559,460,,DEBIT,failed, ,#####,2/6/2025 0:27
,353,,45947.8937,  ,Failed,3,%$#!,3/16/2025 16:15
-1,234,82,86649.7,unknown,pending,####,#####,12/30/2025 18:15
10004,651,747,46231.4,Credit,success,3,REF124,1/26/2025 16:55
10005,898,218,39569.23,unknown,Failed,3, ,6/16/2025 9:17
10006,225,142,N/A,credit,SUCCESS,####,REF126,8/20/2025 10:04
10007,995,,72074.97,transfer,SUCCESS,3,#VALUE!,10/8/2025 10:23
,513,520,87053.15,Credit,,3,REF126,8/21/2025 14:34
10009,952,852,23952.84, credit ,,####,REF124,9/14/2025 5:19
10010,272,622,21187.7,Credit,, ,#VALUE!,6/25/2025 8:09
10011,,568,0,debit,success,2,REF124,7/8/2025 12:23
10012,958,591,78464.1,CREDIT,SUCCESS,1,#VALUE!,9/19/2025 12:12
10013,63,348,10935.81,unknown,failed,3, ,11/10/2025 19:18
10014,52,554,96899.94,Credit,,1,#####,
INVALID_ID,949,466,69662.18,unknown,success,2,REF126,10/18/2025 11:38
10016,489,874,5697.39,   ,failed,####,%$#!,8/10/2025 5:45
10017,-1,674,52283.04,Credit,SUCCESS, , ,6/27/2025 13:38
10018,,637,0,Credit,success,####,%$#!,3/3/2025 6:18
10019,310,827,792.23,transfer,failed,2,REF124,10/16/2025 7:49
10020,620,352,63427.45,unknown,SUCCESS,2,REF125,5/10/2025 12:58
10021,269,453,,credit,,3,REF125,6/16/2025 21:54
10022,921,996,89893.47,Credit,, ,%$#!,3/2/2025 0:32
10023,167,831,41235.32,,,2,REF124,3/3/2025 19:49
10024,,482,81660.49,transfer,, ,#####,2/12/2025
10025,360,410,84367.68,debit!!@#,,3,%$#!,5/15/2025 6:02
10026,621,119,57663.04,,success,2,#####,8/31/2025 0:13
10027,738,520,40845.21,transfer,SUCCESS,2,REF125,8/28/2025 1:00
10028,,294,78578.03,,Failed,3,REF124,11/6/2025 3:29
10029,291,649,9347.79,Credit,,3,REF126,7/4/2025 12:35
10030,467,645,71837.41,,, ,#####,6/15/2025 2:38
10031,713,52,91747.8267,DEBIT,SUCCESS,2,#VALUE!,7/16/2025 0:52
10032,457,762,45012.48,transfer,pending,1,%$#!,4/2/2025 1:38
10033,-1,155,69398.04,credit,   ,1,REF124,6/1/2025 6:11
10034,,902,,,,1,REF124,8/1/2025 2:19
,500,447,38891.83,,Failed,3,REF126,8/18/2025 20:50
-1,659,888,5037.96,Credit,SUCCESS, ,%$#!,6/13/2025 17:16
10037,20,54,35002.53,debit,success, , ,7/3/2025 21:54
10038,224,263,16787.24,credit,success,3,REF124,8/12/2025 14:48
10039,407,-1,69064.54,credit,Failed, ,REF124,8/8/2025 18:52
10040,439,71,34129.71,UNKNOWN,,1,#####,3/10/2025 9:42
10041,277,942,48354.92,transfer,success,1,#VALUE!,10/19/2025 10:56
10042,389,507,18192.17,transfer,Failed,3,%$#!,10/7/2025 15:34
10043,247,662,,transfer,Failed,####,REF125,5/14/2025 12:03
10044,339,465,25147.8536,Credit,,2,REF124,10/23/2025 5:39
10045,103,304,,DEBIT,,1, ,10/20/2025 8:31
10046,588,491,-18444.5234,unknown!!@#,success,2,REF126,2/28/2025 22:11
10047,-1,999999,76446.7,Credit,SUCCESS,####,REF126,6/16/2025 12:59
,625,102,20786.71,credit,,1,REF126,8/19/2025 14:43
-1,296,720,7127.26,transfer,Failed, ,REF126,4/14/2025 3:52
10050,170,610,56925.01,credit,pending,1,REF126,2/1/2025 5:46
10051,753,,22900.15,debit,,1,#####,9/11/2025 0:30
10052,600,834,9133.33,,pending,2,%$#!,9/15/2025 7:43
10053,,91,32334.15,,Failed,####, ,7/21/2025 8:12
,641,53,54926.47,unknown,,####,REF126,3/3/2025 12:11
10055,418,862,46150.1749,DEBIT,pending,1, ,7/3/2025 9:24
10056,393,614,87933.83,transfer,,1,%$#!,4/20/2025 20:15
10057,594,502,44660.27,,pending,####,REF126,4/3/2025 17:49
10058,795,326,70525.74,,success!!@#,2,REF125,5/9/2025 22:24
10059,451,933,72247.16, DEBIT ,, ,%$#!,5/8/2025 14:27
10060,390,642,75942.59,debit,pending, ,REF126,6/18/2025 12:54
10061,721,455,,,SUCCESS,2, ,8/8/2025 18:49
10062,-1,892,68316.63,DEBIT,,3,REF125,12/16/2025 23:52
10063,76,354,29922.43,transfer,SUCCESS,1,REF125,5/29/2025 2:34
10064,717,888888,,debit,pending,####,#VALUE!,11/8/2025 10:32
10065,636,774,65921.56,credit,,1,REF124,2/21/2025 0:50
999999,766,206,53945.38,transfer,SUCCESS,####,REF124,12/5/2025 0:41
10067,-1,773,86015.46,,,3,REF125,6/26/2025 14:54
10068,269,843,37153.65,,failed,2, ,6/30/2025 7:17
10069,999999,47,30443.41,credit,pending,1,#VALUE!,7/29/2025 18:57
10070,159,671,48939.81,,SUCCESS,1,REF125,2/8/2025 14:03
999999,924,INVALID_ID,27595.39,UNKNOWN,Failed,1,#VALUE!,5/10/2025 12:31
10072,579,850,20723.67,Credit,,1,#####,2/26/2025 4:35
10073,818,677,13189,Credit,success!!@#,1,%$#!,2/14/2025 3:17
10074,797,608,50388.83,debit,   ,1,#VALUE!,6/5/2025 23:20
10075,730,76,32217960856.435143,DEBIT,Failed, ,#####,8/24/2025 2:59
10076,118,667,55138.01,,,####,REF125,2/6/2025 22:15
10077,262,157,47432.04588005438,CREDIT,pending,3, ,8/16/2025 18:15
10078,999999,363,94113.58,debit,Failed,1,#VALUE!,7/7/2025 6:19
10079,866,118,57414.26,debit,pending, ,#####,5/12/2025 23:23
10080,147,INVALID_ID,74099.5,credit,SUCCESS,####,REF126,10/8/2025 5:45
10081,-1,54,N/A,credit,SUCCESS,3,REF124,7/18/2025 23:24
10082,291,608,N/A,,pending,2,REF124,10/24/2025 18:29
10083,8,441,38026.94, None ,SUCCESS,1,REF126,8/12/2025 14:27
10084,656,118,96620.31,unknown,,1,REF124,6/5/2025 12:27
10085,318,227,16821.59,credit,pending, ,%$#!,9/8/2025 15:57
10086,150,178,76023.93,DEBIT,Failed,2,REF125,12/25/2025 21:44
10087,640,995,-15104.23057,unknown,pending,2,#VALUE!,2025-13-01 25:61:00
10088,-1,885,9038.75,,,1,REF126,8/23/2025 23:03
10089,64,831,34350.34,,Failed, ,%$#!,5/25/2025 19:13
10090,794,INVALID_ID,63092.35,NONE,,3, ,8/23/2025 1:34
10091,597,939,96769.97,!!@#,SUCCESS,3, ,2/19/2025 15:07
10092,757,935,64606.02,,failed,####,%$#!,3/16/2025 13:37
10093,80,808,77089.76,debit,failed,2,%$#!,10/27/2025 11:09
10094,739,421,71961.37,transfer,failed, ,%$#!,7/2/2025 3:32
10095,695,452,28184.36,,failed,3,REF126,7/6/2025 15:25
10096,106,529,28513.45,transfer,success,3,REF125,6/25/2025 4:49
10097,INVALID_ID,515,0,,,2,REF126,1/15/2025 21:00
10098,713,778,,,Failed,####,#VALUE!,6/14/2025 9:01
10099,999999,245,79391.97,credit,success, ,#####,10/7/2025 1:19
,630,585,0,   ,,2,%$#!,5/25/2025 23:25
10101,INVALID_ID,247,62829.41,,,1,#####,9/23/2025 21:42
10102,647,INVALID_ID,77621.28,transfer,pending,2,REF124,11/13/2025 16:08
10103,772,293,78086.35,,SUCCESS,2,REF125,5/31/2025 3:47
10104,709,947,0,  ,PENDING, ,REF124,4/25/2025 19:33
10105,437,455,4245.09,,,2,#VALUE!,9/5/2025 14:02
10106,768,,84868.44,,, ,REF124,2025-13-01 25:61:00
10107,461,381,7697774028.751535,,,####,REF125,7/21/2025 1:44
10108,269,721,99636.55,unknown,SUCCESS,2,#####,2/4/2025 2:16
10109,328,INVALID_ID,54221.71,DEBIT,Failed, ,REF124,11/4/2025 14:35
-1,27,587,80368.14,   ,, ,%$#!,6/9/2025 0:11
10111,996,76,68014.1,DEBIT,   ,3,REF125,3/1/2025 10:12
10112,958,355,51894.59,credit,pending,2,REF126,9/6/2025 22:26
10113,158,640,60517.84,debit,,2,REF125,3/23/2025 20:52
10114,,911,28974.27,unknown,success,####,#VALUE!,6/11/2025 9:52
10115,622,883,73422.63,,success,2, ,4/14/2025 21:01
10116,52,394,41819.29,DEBIT,failed,1, ,7/13/2025 16:46
10117,93,518,24080.46,   ,,1,#####,
10118,138,745,N/A,debit, pending ,2,REF125,10/24/2025 20:45
10119,639,999999,9677.18,,failed, ,REF124,2/20/2026 15:12
10120,342,532,60629.99,,Failed,2,REF124,5/11/2025 15:13
10121,502,307,1673.53,credit,,2,REF126,8/20/2025 19:36
,802,593,72142.8,DEBIT,, ,#####,9/30/2025 1:19
10123,322,423,41043.64,unknown,Failed,2,REF124,9/15/2025 4:24
10124,980,935,54631.86,transfer,pending,####,%$#!,4/26/2025 13:58
,707,325,56053.15,transfer,SUCCESS, ,#####,11/9/2025 11:33
10126,979,355,65600.65,Credit,,3,REF125,10/15/2025 17:36
10127,686,232,5258.59,UNKNOWN,Failed,####,REF125,9/11/2025 13:24
10128,489,775,32123.56,credit,,3,REF126,12/24/2025 20:43
10129,181,38,39705.49,transfer,FAILED,1,#VALUE!,4/21/2025 12:18
10130,537,962,50426.23,credit,,3,REF124,11/4/2025 2:29
10131,198,877,40554.98, None ,failed,2,REF124,1/3/2025 15:39
10132,772,338,,,SUCCESS,3,REF125,7/15/2025 3:49
10133,789,121,94064.16,Credit,SUCCESS,####,REF126,6/11/2025 11:57
10134,776,681,76188.34,credit,Failed!!@#,2,REF124,12/17/2025 15:31
10135,154,875,11632.84,UNKNOWN,SUCCESS,2,REF125,9/12/2026 0:01
10136,827,23,81647.16,,Failed,2,REF125,1/27/2025 19:18
10137,294,788,64156.08,,SUCCESS,3, ,9/15/2025 0:21
10138,881,183,39311.9326,Credit,SUCCESS,2,#VALUE!,7/26/2025 13:58
10139,472,283,87522.07,debit,success,1,#####,2025-13-01 25:61:00
10140,721,251,40232.51,Credit,pending, ,REF125,8/12/2025 17:44
10141,689,243,14334.61,Credit,Failed, ,REF124,9/1/2025 2:40
10142,49,965,38121.65,,,1,REF125,3/29/2025 12:21
10143,826,60,96778.94,DEBIT, None ,3, ,5/25/2025 2:41
10144,INVALID_ID,387,60296.18,Credit,,2,REF124,
10145,986,765,47897.3,Credit,,1,#####,9/9/2025 22:31
10146,526,478,98132.03,,success,1,%$#!,
10147,599,428,19627.22,Credit,,2,REF126,10/15/2025 5:30
10148,815,144,48836.75,debit,,2,#####,2/23/2025 9:30
10149,725,224,37326.34,unknown,Failed,3,REF125,10/8/2025 11:19
-1,18,715,80618.71,credit,Failed,####,REF124,4/14/2025 19:38
10151,983,579,69726.66,credit,SUCCESS,####, ,
-1,512,661,56590,credit,,3,%$#!,5/21/2026 6:47
10153,948,557,3299.85,,,2,REF126,27-12-2025
10154,247,870,89653.61,DEBIT,   , ,REF124,22-11-2025
10155,629,407,32644.4,unknown,SUCCESS,####,REF125,9/14/2025 13:54
10156,303,-1,26804.52,DEBIT,, ,#####,5/20/2025 18:40
10157,90,460,51248.96043256176,credit,,####,REF126,4/24/2025 8:12
10158,743,927,24281.82,,SUCCESS, ,REF126,4/18/2025 4:09
10159,79,967,62507.12,Credit,SUCCESS, ,REF124,11/9/2025 6:32
10160,441,881,59443.35,Credit,pending,####, ,7/10/2025 16:31
10161,334,837,36507.9,Credit,,1,#VALUE!,10/3/2025 2:27
10162,852,839,79506.61,DEBIT,failed,3,REF125,1/29/2025 17:24
10163,597,519,86964.68,debit,,2,REF125,2/3/2025 0:05
10164,681,663,56326.4,,SUCCESS, , ,3/28/2025 5:12
10165,595,227,39119.51,DEBIT,pending,3,REF125,2/15/2025 1:50
10166,357,467,52116.27,credit,,3,REF125,1/9/2025 18:30
10167,694,953,24398.86,DEBIT,failed,####,#VALUE!,3/14/2025 9:15
999999,30,905,59224.39,Credit,, ,REF124,5/7/2025 14:23
10169,687,541,31347.28,,SUCCESS,####, ,10/2/2025 4:17
10170,-1,138,23864.8869,,failed, ,#####,7/9/2025 0:05
10171,661,178,48969306198.95896,,success,3,REF124,5/30/2025 2:37
10172,507,504,83990.78,credit,pending,1,#VALUE!,10/31/2025 5:01
10173,785,999999,11429.52,,SUCCESS,3, ,2/9/2025 18:35
10174,254,34,34864.21,unknown,failed,####,REF125,9/25/2025 15:11
10175,648,631,20669.9,debit,failed,1,REF126,4/23/2025 8:46
10176,527,696,13567.53,,failed,2,#VALUE!,2/26/2025 19:05
10177,780,403,57746.78,,,2,REF124,4/19/2025 1:15
10178,466,336,86892.09,credit,,2,REF125,7/27/2025 13:11
10179,845,275,28366.47,DEBIT,, , ,9/1/2025 4:24
10180,128,162,77.59,Credit,pending,2,%$#!,4/17/2025 10:02
10181,85,926,5188.21,Credit,success,3,REF124,8/19/2025 13:29
10182,,352,98815.61,DEBIT,,3,REF124,5/23/2025 17:55
10183,793,896,99294086123.08603,debit,,3, ,12/24/2025 6:02
10184,881,919,75247.04,,failed,####,#####,4/7/2025 9:05
10185,623,964,84790.73,transfer,pending,3,%$#!,11/5/2025 6:32
10186,116,654,52833.37,,,1,REF124,9/23/2025 5:28
-1,-1,INVALID_ID,N/A,debit,,####, ,6/14/2025 12:00
INVALID_ID,550,157,30997.59,Credit,SUCCESS,####,#VALUE!,9/10/2025 8:56
10189,716,977,0,!!@#,,3,REF126,1/5/2025 22:02
10190,168,356,78300.88,DEBIT,success, ,REF126,11/10/2025 10:47
10191,270,591,49619.8,debit,pending,2,#VALUE!,9/19/2025 19:15
10192,,880,24462.7,,,####,REF126,10/5/2025 7:09
10193,330,938,0,None!!@#,,3,REF125,5/6/2025
10194,290,319,,Credit,failed,2,REF124,7/11/2025 14:27
10195,751,779,15065.13,debit,, , ,1/1/2025 13:37
10196,756,107,98311.74,debit,,1,REF125,11/25/2025 8:40
10197,382,-1,9566744764,  ,failed,3,REF125,5/3/2025 8:05
10198,852,326,23368.79,DEBIT,failed,3,REF125,2/16/2025 21:20
10199,213,475,"1,234.56",transfer,,2,#####,4/7/2025 9:34
10200,51,267,17395.03,unknown,success,####,REF124,5/1/2025
10201,228,844,68631.66,credit,,####,REF124,12/17/2025 11:52
10202,95,850,12261.54,debit,SUCCESS,3,#VALUE!,6/15/2025 16:47
10203,192,457,3474.6,Credit,Failed,2, ,5/29/2025 17:57
10204,906,256,80218.79,,,####, ,7/15/2025 2:38
10205,27,,81070.83,unknown,success,1,REF126,7/27/2025 6:20
,58,971,84652.04,,Failed,3,#####,5/20/2025 8:06
,718,582,56315.26,unknown,   ,2,#####,1/8/2025 17:44
-1,940,826,71696.59,   ,failed,####, ,12/1/2025 6:01
10209,722,406,33662.74,DEBIT,SUCCESS,####,#VALUE!,8/7/2025 6:00
10210,806,682,17543.41,transfer!!@#,Failed, ,REF125,2025-13-01 25:61:00
10211,944,627,56559.37,DEBIT,pending,1, ,2/4/2025 10:59
10212,747,,20976.33,,success,####,REF124,3/6/2025 14:23
10213,388,385,47954.13,Credit,success,1, ,10/2/2025
10214,385,77,89813.43607026615,unknown,failed,2,#####,1/21/2025 19:10
10215,195,568,73000.1,transfer,Failed,1, ,1/22/2025 4:01
10216,302,641,,DEBIT,success,3,REF125,7/9/2025 22:42
10217,658,190,38150.7,debit,,2,REF124,10/20/2025 3:20
10218,685,555,75648.12,debit,,1,REF124,12/9/2025 9:36
-1,405,,57126.28,DEBIT!!@#,failed,2, ,3/26/2026 0:08
10220,700,843,83412.47, credit ,,1,REF125,
10221,602,999999,14972.74,credit,,2,%$#!,6/9/2025 13:46
10222,586,39,40303.37,,success,3,%$#!,12/15/2025 8:56
10223,813,288,85824.9,Credit,pending,####,%$#!,9/8/2025 17:00
10224,936,759,51654.98,debit,,3,REF124,11/27/2025 14:38
,178,853,N/A,debit,,3,REF125,12/25/2025 11:40
10226,382,457,87049.37,,NONE,1,REF126,1/20/2025 6:46
10227,989,227,67772.75,,failed,3,#####,1/4/2025 6:53
10228,966,991,27545.1,,,####,REF125,8/15/2025 23:48
10229,679,860,64737.74,transfer,pending,3,%$#!,4/12/2025 10:03
10230,668,154,-24037.80475,,, ,#VALUE!,12/19/2025 5:01
10231,37,586,34323.27,unknown,,####, ,8/5/2025 19:14
10232,132,743,76294.19,,,1,REF126,12/11/2025 9:58
10233,302,121,86640.67,credit,, ,REF125,7/15/2026 10:26
,141,351,56944.66,unknown,SUCCESS,2, ,5/2/2025 17:13
10235,281,793,76450.73,credit!!@#,SUCCESS,####, ,2025-13-01 25:61:00
10236,383,914,83324.53,debit,pending,####,REF124,7/15/2025 11:26
10237,,972,72785.91,,SUCCESS,3,%$#!,12/19/2025 4:52
,234,135,2201.11,credit,, ,#VALUE!,1/19/2025 20:51
10239,111,,11587.82,credit,failed,3,%$#!,4/27/2025 22:36
10240,533,621,41888.39,credit,Failed, , ,7/23/2025 4:04
10241,420,41,91036.56,unknown,success, ,%$#!,9/17/2025 19:44
10242,799,741,90478.89,unknown,SUCCESS,1,REF125,1/16/2025 7:38
10243,694,999999,85126.08,debit,SUCCESS,3, ,10/12/2025 16:41
10244,999999,410,27190.59,unknown,,1,#####,11/24/2025 21:54
10245,605,583,18134.24,,SUCCESS!!@#,####,#####,18-01-2025
10246,13,695,74364.94,Credit,,1,REF125,9/14/2025 23:36
10247,680,395,82645.52,,SUCCESS,3,REF124,1/30/2025 1:47
10248,339,52,55054.05, Credit , SUCCESS ,2,REF124,5/3/2025 17:54
INVALID_ID,,414,,credit,Failed,2, ,5/13/2025 8:59
10250,229,340,61979.6,,,2,%$#!,11/19/2025 7:04
10251,561,719,89688.74,,,2,REF126,10/31/2025 11:21
10252,776,949,67217.4558,unknown,success,1,#####,12/30/2025 5:42
10253,947,944,69184.85,DEBIT,SUCCESS,####,REF125,9/26/2025 22:42
10254,987,302,13345.85,transfer,Failed,3, ,8/31/2025 9:39
10255,944,728,95833.06,,Failed,2,REF126,6/12/2025 3:10
10256,547,868,1286.9238053096124,,,2,#####,9/23/2025 9:39
10257,708,209,3240.32,credit,Failed,2,REF125,11/6/2025 11:01
10258,,391,95670.63,,pending,####,REF124,12/1/2025 3:55
999999,934,727,75513.22,Credit,failed,2,REF126,3/9/2025 11:53
10260,42,570,16101.28,debit,pending,####,#VALUE!,8/31/2025 20:50
10261,503,564,78405.3,Credit,failed,2,REF125,2/5/2025 16:59
10262,680,370,95031.32,unknown,pending, ,#####,8/27/2025 8:06
10263,41,329,79622.6965,transfer,Failed, ,REF126,11/8/2025 18:47
10264,304,198,8243.72135,debit,,####,%$#!,11/21/2025 12:57
10265,720,760,64659.65,,   ,####,#####,5/8/2025
-1,933,398,40450.76,,   ,####,#####,1/18/2025 16:14
10267,951,297,0,unknown,Failed,3, ,11/6/2025 10:26
10268,984,306,91417.75,,Failed, ,%$#!,8/11/2025 10:07
10269,-1,216,90355.6,,failed, ,#####,2/14/2025 12:21
10270,INVALID_ID,770,99431.36,credit,failed,2,REF125,5/9/2025 11:45
10271,241,INVALID_ID,19357.92,,failed,1,REF126,5/3/2025 20:26
10272,321,227,64087.45,,SUCCESS,1, ,7/9/2025 2:54
10273,-1,288,14008.77,transfer,success,1,REF125,11/12/2025 14:22
10274,605,38,54351.5,unknown,failed,1,#VALUE!,11/29/2025 21:20
10275,523,373,66271.22,DEBIT,failed,1,%$#!,12/5/2025 17:26
,496,42,-48769.33842,,,3,REF126,6/26/2025 13:35
10277,665,721,63360.36,transfer,SUCCESS,2, ,21-11-2025
10278,997,529,81725.5,unknown,failed,1,REF125,7/19/2025 19:52
10279,192,617,11841.84,,SUCCESS,3,REF125,11/20/2025 15:31
10280,131,165,51269.16,   ,Failed,1,REF126,8/7/2025 21:10
10281,746,291,21667.18,unknown,SUCCESS,1,%$#!,11/15/2025 15:10
10282,524,742,92235.97,credit,success,2,REF125,7/15/2025 20:58
10283,621,488,59985.38,CREDIT,Failed,####,REF124,10/28/2025 22:18
10284,431,45,42901.34,unknown,,3,%$#!,9/28/2025 13:47
10285,261,239,8390.92,,,3, ,
10286,705,419,15486.31,transfer,Failed,1,REF126,10/21/2025 4:50
10287,571,380,48381.18,,,2,REF126,3/31/2025 5:37
10288,166,521,33850.4,debit,,1,REF124,6/19/2025 2:00
10289,-1,39,93069.19,transfer,,2, ,1/5/2025 3:49
10290,824,,59955.5,Credit,,3,#VALUE!,4/18/2025 3:55
10291,405,206,-73695.18476,credit,,1,%$#!,3/17/2025 13:06
10292,5,417,55867.48,,,####,#VALUE!,6/21/2025 22:54
10293,789,348,45890.25,debit,,####,REF125,9/30/2025 7:26
10294,979,,83219.38,credit,failed,2, ,12/14/2025 7:37
999999,765,932,73713.85,Credit,,####,%$#!,3/2/2025 13:59
10296,81,680,672.3,debit,SUCCESS, ,REF126,8/12/2025 2:54
10297,783,287,75019.4369,,SUCCESS,2,%$#!,6/27/2025 13:22
10298,472,,21083.13,,pending,3,REF126,8/27/2025 2:21
10299,435,718,36514.15,unknown,,1,%$#!,4/15/2025 20:06
10300,877,150,73856.82,debit,,3,REF124,5/3/2025 14:47
10301,576,49,-69057.41216,transfer,pending, , ,8/5/2025 12:11
10302,21,360,96312.02,DEBIT,,3,REF126,6/23/2025 13:41
10303,294,980,16765.88,, success ,2,REF126,5/2/2025 17:51
10304,274,405,44495.39,,failed,3,#####,4/2/2025 2:53
-1,718,216,-10309.90131,unknown,Failed,1,#VALUE!,4/12/2025 22:13
10306,954,317,73761.95,DEBIT,,1,%$#!,12/2/2025 15:18
10307,554,562,96954.53,DEBIT,,2, ,9/6/2025 11:14
,356,233,44191.61,transfer,,1,%$#!,4/22/2025 8:49
10309,945,774,923.17,transfer,failed, , ,6/3/2025 7:21
10310,662,388,7930.18,transfer,   ,3, ,2/12/2025 20:35
,279,504,N/A,debit,failed, ,REF125,4/1/2025 9:57
10312,223,320,49844.59,debit,,####,REF125,3/12/2025 12:40
10313,837,999999,76816.89,unknown,,2,REF124,3/22/2025 22:52
10314,320,163,4228.17,credit,success,####, ,2/13/2025 20:34
10315,16,283,39586.87,debit,failed,3,REF124,3/3/2025 5:51
10316,347,778,5986.92,credit!!@#,Failed,2,#####,11/9/2025 20:02
10317,22,367,N/A,unknown,failed, ,REF126,7/1/2025 21:45
10318,937,INVALID_ID,15511,transfer,, ,REF126,
10319,795,329,65832.36,,failed,1, ,9/6/2025 21:39
10320,INVALID_ID,856,N/A,credit,,1,#VALUE!,7/24/2025 5:00
10321,51,621,1318.48,unknown,   ,1,#VALUE!,12/31/2025 9:03
10322,814,844,52906.79, transfer ,SUCCESS,1,REF124,5/30/2025 15:32
10323,255,971,74921.94,credit,,3,#####,3/6/2025 18:46
10324,517,162,59995.57,,SUCCESS,2,%$#!,10/9/2025 21:34
10325,559,785,74460.39,unknown,success,3, ,7/21/2025 0:28
10326,7,228,31497.32,transfer,SUCCESS,1,#####,5/23/2025 13:27
10327,263,95,56910.8,credit,,1,REF124,11/15/2025 6:26
10328,,828,-7856.954818,,!!@#,2,#####,10/18/2025 8:52
10329,12,648,N/A,DEBIT,,3,REF124,6/23/2025 1:26
10330,93,297,14809.76,unknown, pending ,3,REF126,10/28/2025 12:34
10331,493,500,57137.35,Credit,pending,####,%$#!,2/13/2025 16:51
10332,357,353,2430.44,,,3,REF125,3/19/2025 13:12
10333,746,116,24312.4,DEBIT,,2,#VALUE!,2025-13-01 25:61:00
10334,551,560,25873.21,DEBIT,,1,%$#!,1/24/2025 8:15
10335,633,477,843.33,transfer,success,1,REF124,5/31/2025 2:39
10336,,926,86678.61,DEBIT,,####, ,7/25/2025 14:30
10337,763,356,35544.26,transfer,,2,%$#!,4/19/2025 19:35
10338,403,90,52076.58,Credit,pending,2,REF126,7/30/2025 13:59
10339,595,820,13819.58,DEBIT,Failed, ,REF124,8/5/2025 10:47
10340,189,901,2958.04,,,3,%$#!,4/17/2025 7:57
10341,135,781,61698.48,Credit, pending , ,#####,2/22/2025 1:46
10342,730,189,49149645250.66281,Credit,success,1,#VALUE!,3/28/2025 10:21
10343,776,182,98562.91,unknown,SUCCESS, , ,10/13/2025 13:47
10344,404,761,53620.58,debit,success,2,REF124,7/28/2025 21:18
10345,572,784,4939.05,,SUCCESS,1,%$#!,9/25/2025 22:49
10346,850,93,11326.03,DEBIT,failed,3,REF126,12/14/2025 21:24
10347,257,665,79650.66,CREDIT,success,2,#####,11/4/2025 5:16
10348,164,,17096.79,DEBIT,   ,3,#VALUE!,10/11/2025 13:36
10349,642,921,20293.14,,Failed,3,#####,7/11/2025 15:26
10350,488,-1,60014.21,transfer,   ,2,#####,2/26/2025 10:59
10351,859,340,4912.65,DEBIT,,2,REF124,8/7/2025 7:52
10352,593,37,29936.46,,success,####,%$#!,9/27/2025 18:19
999999,424,713,5827.88,credit,, , ,8/31/2025 1:03
10354,577,747,49255.52,Credit,success, ,#####,10/14/2025 9:42
10355,425,342,80606.29,Credit,pending,1,#####,
10356,350,583,2921.45,,,####,REF125,3/2/2025 8:18
10357,550,474,41401.17,transfer,success, ,#####,11/7/2025 12:12
10358,68,288,33921.85,DEBIT,success, ,#VALUE!,10/1/2025 21:33
10359,279,509,37164.64,transfer,pending,1, ,12/21/2025 17:04
10360,819,513,34018.19,transfer,success,####,%$#!,9/20/2025 19:27
10361,38,731,11592.44,debit,SUCCESS,1,REF124,10/17/2025 13:04
10362,320,215,19262.64,,failed,3,REF124,8/30/2025 22:16
10363,556,327,94328.35,Credit,pending,####,REF124,1/12/2025 6:13
10364,109,89,17906.51,unknown,failed, ,#####,27-07-2025
10365,783,135,80237.03,credit,failed,1, ,4/11/2025 5:13
999999,717,339,88241.56,   ,SUCCESS,1,#####,5/16/2025 9:19
10367,106,732,32593.71,transfer,failed,2,REF125,7/7/2025 8:03
10368,834,442,43541.02,Credit,,1,#####,8/18/2025 23:21
,100,181,40585.31,,, , ,10/21/2025 5:00
10370,151,464,39004.37,Credit,,2,REF126,12/30/2025 18:27
10371,353,,98642.3,DEBIT,Failed,3,REF125,8/6/2025 11:51
10372,882,32,70225.17,,Failed,3,#VALUE!,2/24/2025 0:12
10373,947,428,99745.63,,SUCCESS,1,#VALUE!,2/22/2025 17:31
10374,426,916,60446.91,DEBIT,SUCCESS, ,%$#!,6/14/2025 23:09
10375,868,730,41089.67,,,2,#####,9/26/2025 3:54
10376,540,769,0,credit,Failed,3,REF125,1/21/2025 11:53
10377,12,525,57400.79,,success,2,%$#!,4/29/2025 2:08
10378,63,593,5171.47,debit,success, ,#VALUE!,2/21/2025 11:21
10379,,115,91014.05,unknown,,2,REF125,7/24/2025 19:37
INVALID_ID,87,610,15423.49,,,####,#####,10/13/2025 4:44
,271,INVALID_ID,46406.85,unknown,,####, ,7/26/2025 0:04
10382,950,392,96176.65,DEBIT,SUCCESS,####,%$#!,4/16/2025 20:43
10383,101,599,77317.37,Credit,success, ,#####,1/5/2025 15:29
999999,702,225,N/A,   ,None!!@#,1,REF124,2/3/2025 13:10
10385,673,664,96716.88,DEBIT,success,3,REF124,4/18/2025 8:04
10386,684,332,78075.32,debit,pending,3, ,21-06-2025
10387,206,183,10851.96,,,####,%$#!,1/28/2025 8:17
10388,,510,64037.12,,,2,%$#!,10/27/2025 10:09
10389,865,832,,unknown!!@#,pending,####,REF125,9/9/2025 7:10
10390,984,862,76653.14,DEBIT,pending,3,#VALUE!,9/2/2025 21:46
10391,907,753,,Credit,, , ,11/20/2025 23:46
-1,,58,72103.99,Credit,,####,REF124,8/13/2025 23:53
10393,754,,90718.82,Credit,,2,#####,11/5/2025 5:47
10394,856,838,11426.83,   ,, ,#####,6/6/2025 2:59
10395,590,330,79312.24,DEBIT,,####,#####,8/3/2025 22:08
10396,,103,63223.14,,success,####,REF124,9/11/2025 2:48
10397,711,792,12697972996.338905,transfer,failed,2, ,3/11/2025 21:43
10398,91,802,41884.4,Credit!!@#,,####,REF125,3/27/2025 3:48
10399,214,999999,14930.25,unknown,   ,####,#####,3/23/2025 9:31
10400,825,,74044.28,DEBIT, success ,####,#VALUE!,6/22/2025 18:01
10401,204,920,77899.74,credit,SUCCESS,2,REF124,8/16/2025 5:27
10402,149,625,38739157085.82679,Credit,,1,REF124,4/19/2025 23:25
10403,470,779,88642.03,DEBIT,,1,REF126,3/26/2025 1:23
10404,,439,24672.95,Credit,success,2, ,7/2/2025 18:48
10405,436,491,69668.38409677832,unknown,SUCCESS,2, ,4/25/2025 20:57
10406,17,313,45933.69,debit,,####,REF124,12/5/2025 11:27
10407,,-1,89344.51,debit,Failed, ,#####,11/2/2025 21:49
10408,344,57,91001.31,debit!!@#,success,1,REF124,8/6/2025 0:18
10409,793,343,11364.63,Credit,pending,3,#####,22-01-2025
10410,498,999999,70985.43,transfer,,1,%$#!,1/26/2025 11:41
10411,-1,920,0,DEBIT,, ,#VALUE!,1/9/2025 19:29
10412,555,486,44391.57,transfer,failed,1,#VALUE!,5/11/2025 10:36
10413,662,498,69689.39,unknown,pending,2,%$#!,7/8/2025 1:28
10414,,362,95621.82,DEBIT,failed,3,REF124,9/16/2025 18:53
999999,,325,44094.45,Credit,pending,2,%$#!,3/5/2025 3:31
10416,26,512,94779.43,,pending,1,%$#!,10/20/2025 21:17
10417,151,747,44216.13,unknown,success,2,#VALUE!,11/23/2025 13:32
10418,INVALID_ID,657,52648.12,transfer,SUCCESS,####,REF124,7/18/2025 18:12
10419,618,INVALID_ID,66679.97,,pending,2,REF125,12/6/2025 13:04
10420,910,426,28870.52,,Failed,2,#VALUE!,4/28/2025 18:19
10421,INVALID_ID,984,,transfer,,1, ,11/20/2025 5:26
10422,44,310,30398.4,unknown,pending,2,%$#!,7/3/2025 12:24
10423,295,504,,transfer,pending,####,%$#!,12/4/2025 5:34
10424,998,123,,transfer,SUCCESS,3,REF126,4/9/2026 10:08
10425,652,,29173.49,credit,Failed,3,REF124,12/5/2025 19:45
10426,820,702,36258.64,,pending,####,#VALUE!,5/13/2025 3:56
10427,224,227,79512.72,credit,failed,2,REF124,5/2/2025 0:04
10428,453,612,97011.44,,,2,REF124,4/30/2025 9:26
,81,782,7782.75,,,1,#VALUE!,2/16/2025 4:26
10430,309,773,12388.12,Credit,failed,####, ,8/14/2025 3:40
10431,513,628,57027.83336619303,debit,failed,2,REF125,10/9/2025 16:44
10432,517,487,58942.16,credit,SUCCESS,1,#####,2/13/2025 19:47
10433,999999,140,36131.43, debit ,pending, ,#VALUE!,9/24/2025 19:44
10434,568,876,85678.81,unknown,,1,#VALUE!,6/20/2025 2:59
10435,123,411,97757.31,   ,Failed,3, ,4/1/2025 10:30
10436,286,785,27304.55,,Failed,2,REF126,2/11/2025 22:58
-1,237,,73782.46,unknown,,1,REF125,8/31/2025 0:56
10438,770,505,20201.16,unknown,Failed,2,REF124,1/13/2025 6:31
10439,122,323,N/A,DEBIT,failed,2,#VALUE!,10/5/2025 23:01
10440,583,676,53943.84,DEBIT,Failed,2,REF125,5/17/2025 23:59
10441,,999999,36647.35,debit,SUCCESS,####,REF126,6/21/2026 10:04
10442,241,-1,68802.25,credit,success,3,#VALUE!,8/9/2025 14:36
10443,21,,31658.27,,, ,#VALUE!,11/12/2025 3:19
10444,630,993,49700.2,credit,success,1,REF126,11/9/2025 11:26
10445,95,593,-33690.43774,unknown,,1, ,4/27/2025 11:21
10446,205,258,45328.33,DEBIT,failed,1,#####,12/31/2025 7:45
10447,546,874,43378.11,debit,failed,####,#####,4/27/2025 14:46
10448,881,66,84598.24,transfer,failed,1,#VALUE!,2025-13-01 25:61:00
,318,574,42207.69,Credit,, , ,3/10/2025 8:18
10450,740,INVALID_ID,89651.58,transfer,,1,%$#!,11/23/2025 3:36
10451,115,513,52200.54,transfer,success,3,REF124,11/20/2025 5:55
10452,767,958,14436.35,transfer,success,####,#####,2/13/2025 20:52
10453,700,285,93697.86,,,3,REF124,11/7/2025 6:40
10454,808,260,30933.76,,failed,1, ,12/20/2025 7:50
10455,940,93,75669.23,DEBIT,,3,REF126,4/17/2025 10:12
10456,964,755,84117.94,credit,pending, ,REF126,8/1/2025 17:11
10457,29,657,63019.33,,pending,2,%$#!,4/7/2025 22:28
10458,851,134,68578.48,,,####, ,4/20/2025 10:32
10459,187,387,88435.3,debit,SUCCESS,1,REF124,4/11/2026 12:55
10460,615,92,17020.59,debit,SUCCESS,####,%$#!,3/29/2025 4:20
10461,883,273,49421874092.620094,Credit,failed,3,#VALUE!,2025-13-01 25:61:00
10462,242,930,58294.48,,,2,REF125,5/29/2025 22:26
10463,-1,INVALID_ID,33292.93,,Failed,3,#VALUE!,6/3/2025 6:50
10464,914,595,16994.95,,,1,%$#!,2/15/2025 9:02
10465,512,855,36065.61,transfer,SUCCESS,2, ,7/10/2025 19:00
,874,652,5331686605.215858,Credit,,1,REF126,12/14/2025 15:38
10467,366,575,49303.93,DEBIT!!@#,pending,1, ,7/17/2025 13:46
10468,680,598,422.53,DEBIT,SUCCESS, ,%$#!,1/11/2025 1:59
10469,125,605,10615.93, debit ,pending,3,#####,1/18/2025 0:41
10470,333,752,79705.376,debit,success,####,#VALUE!,8/22/2025 21:45
10471,183,790,8927.94,DEBIT,, ,REF126,4/26/2025 22:39
10472,826,926,13137.35,,SUCCESS, ,%$#!,6/14/2025 7:18
-1,378,445,9303.82,unknown,Failed, , ,4/23/2025 21:32
10474,821,153,68434.55,Credit, Failed ,1,REF125,2/11/2025 19:12
10475,476,583,35552.21,debit!!@#,failed,2,#VALUE!,6/11/2025 15:44
,602,776,62384.8,DEBIT,Failed,####,#VALUE!,6/18/2025 11:17
,,672,69183.7,unknown,,2,REF124,2/4/2025 0:49
10478,115,713,85902.61,DEBIT,,2,%$#!,4/27/2025 20:45
,,171,73880.73,unknown,failed, , ,7/7/2026 3:13
10480,646,443,84863.14,,Failed, ,REF126,12/18/2025 11:53
10481,INVALID_ID,20,-31591.85652,,, , ,1/9/2025 1:56
10482,481,238,58769.99,unknown,SUCCESS,2,REF125,9/19/2025 9:48
10483,484,865,20728.79,credit,failed,1,REF124,6/11/2025 13:15
10484,241,49,35885.09,DEBIT,pending,2,REF126,2/16/2025 20:53
10485,349,,87772.59,DEBIT,SUCCESS,2, ,10/21/2025 12:14
10486,626,879,N/A,credit,pending,####,REF126,6/21/2025 11:14
10487,892,663,81917.8867,Credit,success,3,REF124,5/13/2025 13:20
10488,273,773,62947.75,,SUCCESS, ,#VALUE!,11/28/2025 0:51
10489,,150,71765.4, credit ,,3, ,2025-13-01 25:61:00
10490,155,60,98004.91,transfer,pending,1,REF125,4/19/2025 15:44
10491,151,457,88759.1,unknown, pending , , ,6/1/2025 11:00
10492,130,554,9291.03,,,2,REF125,11/20/2025 4:56
10493,999999,62,25983.05,,Failed, ,REF125,4/2/2025 16:35
10494,580,961,53333.53,,Failed,3, ,7/20/2025 13:40
10495,370,151,0,debit, SUCCESS ,1,REF125,6/6/2025 9:56
10496,405,599,42347.99,unknown,failed, ,REF124,6/27/2025 18:11
10497,884,712,47340.82,,SUCCESS!!@#,3,#VALUE!,5/28/2026 11:10
,381,384,48597.69,DEBIT,pending,2,REF125,11/15/2025 2:47
10499,561,,48122.83,unknown,, ,REF125,2/23/2025 19:07
-1,461,153,32528.38,,success, ,%$#!,10/13/2025 19:12
10501,170,586,77161.8,credit,Failed, ,REF124,8/10/2025 11:03
10502,515,124,53190.63,transfer,,1,#####,11/10/2025 9:02
10503,,883,34002.26,debit,success!!@#,1,REF125,3/7/2025 7:19
10504,-1,315,-67864.07069,,success,1,REF125,5/6/2025 21:55
10505,999999,208,59704.49,,SUCCESS,1,#VALUE!,1/12/2025 5:25
10506,,568,67512.99,DEBIT,,2,REF124,2/25/2025 6:57
10507,801,976,91150.16,debit,,####,#####,7/7/2025 6:18
10508,697,360,21283.29,,SUCCESS,####,REF126,10/9/2025 14:10
10509,443,517,31837.21,,,####,#VALUE!,6/28/2025 13:38
10510,936,662,,debit,,1,#VALUE!,7/28/2025 23:44
,-1,32,81607.5,credit,pending,####,REF125,11/12/2025 7:10
10512,474,198,,transfer,,3,#VALUE!,10/6/2025 18:28
10513,991,288,70407.73,debit,pending,2, ,8/3/2025 7:00
10514,689,579,58820.58,DEBIT,,2,#####,2025-13-01 25:61:00
10515,695,259,,,pending,2,#VALUE!,4/17/2025 10:11
10516,508,,N/A,,failed, ,REF124,2025-13-01 25:61:00
10517,999999,-1,"1,234.56",   ,SUCCESS, ,REF126,9/1/2025 5:30
10518,254,245,83253.43,Credit,,1, ,1/24/2025 13:38
10519,912,67,6209.6,debit,   ,####,REF124,11/27/2025 1:54
10520,771,886,,,FAILED,2,REF125,9/20/2025 10:41
10521,337,111,-59521.55902,Credit,pending,3,#####,8/30/2025 2:44
10522,,131,43590.45,,pending,1,REF125,1/4/2025 3:19
10523,INVALID_ID,520,-55949.39725,,failed,3,REF126,9/17/2025 8:54
10524,479,340,56614.03,transfer,,2,REF126,
,236,219,73461.27,,failed,3,REF125,4/1/2025
10526,118,451,58572.78,debit,failed, ,REF125,3/9/2025 16:26
10527,183,181,,DEBIT,failed,2,#####,11/11/2025 8:58
10528,540,639,-87839.99977,DEBIT,failed,1,%$#!,5/4/2025 11:31
10529,251,782,18918.33,DEBIT,pending,####,REF126,8/15/2025 20:02
10530,84,810,6496.66,,, ,REF126,10/5/2025 22:20
10531,596,944,64977.23,Credit,pending,1,#####,3/3/2025 1:17
10532,-1,-1,44456.09,debit,SUCCESS,2,REF126,7/13/2025 5:26
10533,184,272,0,credit,success,3,REF126,5/10/2025 14:50
10534,310,787,27453.71,DEBIT,pending,3,#####,6/6/2025 19:47
10535,776,484,98927.57,,Failed,1,#####,7/2/2025 0:57
10536,-1,867,77015.41,Credit,Failed, , ,
10537,855,231,68579.42,transfer,success,2,#####,5/9/2025 6:09
10538,936,888,38138.04,credit,pending,1,REF125,12/14/2025 11:36
10539,692,33,,   ,failed,1,#####,7/31/2026 13:46
10540,176,932,15711.9751,,, ,%$#!,5/1/2025 7:08
10541,487,589,58753.32,unknown,   ,1,REF124,11/10/2025 15:03
10542,583,472,3918.088170079128,unknown,,2,#VALUE!,4/7/2025 18:06
10543,443,933,69855.21833401799,debit,,1,#####,1/26/2025 22:05
10544,223,422,55286.86,credit,failed,2, ,2025-13-01 25:61:00
-1,692,391,39940.19,,failed,####,#####,7/8/2025 6:17
10546,673,973,47084.07,DEBIT,failed,3,REF124,6/1/2025 18:58
10547,12,158,17802.24,Credit,,####,REF124,9/14/2025 8:01
10548,316,,77243.25,Credit,success, ,#VALUE!,5/11/2025 22:09
10549,65,904,83540.15,,pending,####,REF125,3/22/2025 10:29
INVALID_ID,999999,219,,,success,####,REF126,8/31/2025 7:15
10551,224,786,98310.41826678457,DEBIT,, ,#####,10/27/2025 14:01
10552,651,705,85156.91,,,3,REF124,10/1/2025 15:37
10553,632,128,73793.95,   ,failed,2, ,1/15/2025 17:18
10554,969,899,27819.86,debit,pending, ,REF125,10/12/2025 14:52
10555,INVALID_ID,940,24841.32,Credit,failed,####,REF126,12/4/2025 19:44
10556,54,145,12564.84,Credit,SUCCESS,####, ,4/6/2025 2:51
10557,311,460,20148.09, unknown ,failed,####, ,8/25/2025 15:57
10558,840,,38148.12,transfer,failed, , ,6/26/2025 3:53
10559,-1,140,19579.62,,SUCCESS,####,REF125,5/25/2025 21:57
10560,-1,,92161.11,DEBIT,,3,REF125,7/17/2025 21:53
10561,378,667,42409.79,,,3,#VALUE!,2/27/2025 10:22
10562,698,254,95178.31,debit!!@#,SUCCESS,2,REF124,12/16/2025 21:53
10563,898,850,69186.76,,,1,REF125,8/11/2025 9:07
10564,147,215,39803.04,DEBIT,, ,#VALUE!,9/12/2025 4:34
10565,181,721,48652.26,credit,success, , ,3/16/2025 12:29
10566,419,935,"1,234.56", transfer ,,2, ,7/8/2025 10:20
10567,63,,58248.72,credit,Failed,####,#VALUE!,12/29/2025 0:03
10568,619,380,34314.31,Credit,success, ,REF126,11/10/2025 2:58
10569,716,856,13894.91,transfer,Failed, ,REF126,7/19/2025 23:20
10570,654,833,63381.39,,SUCCESS,3,REF126,5/16/2025 6:42
10571,954,675,90521.22,transfer,Failed,1, ,1/13/2025 7:53
10572,309,562,46685.64,credit,failed,2,#VALUE!,2/4/2025 17:33
10573,30,952,38355.15,transfer,Failed,2,#####,11/5/2025 22:58
10574,955,947,64402.21,,failed,####,REF124,2/13/2025 6:09
10575,960,999999,36780.03,,Failed,3,REF126,6/14/2025 13:09
10576,696,130,60165.75,,,####,REF125,7/14/2025 2:46
10577,291,682,N/A,,,1, ,11/18/2025 19:55
10578,990,830,82790.19,Credit,,1,REF126,6/2/2025 3:54
10579,935,23,33747.64,,,2,REF126,3/17/2025 18:23
10580,100,771,-86586.88461,transfer,SUCCESS,1,#####,2/26/2025 5:50
INVALID_ID,201,10,85615.56817183235,DEBIT,failed, ,#VALUE!,7/4/2025 0:50
10582,528,608,14865.35,,pending, , ,9/11/2025 12:30
10583,815,92,86490.93,transfer,success!!@#,1,REF125,9/7/2025 2:22
10584,24,587,69375.64796759542,DEBIT,FAILED,2,REF125,12/19/2025 23:22
10585,416,21,81748.11,   ,failed,1,#VALUE!,3/12/2025 3:54
10586,6,820,3923.92, DEBIT , success , ,REF124,4/26/2025 22:56
10587,434,,30066.99,transfer,SUCCESS,2,REF126,5/17/2025 17:58
10588,705,,3683027570.0649934,Credit,pending!!@#,2,#####,1/29/2025 21:04
10589,666,410,94474.6,DEBIT,pending, , ,3/16/2025 19:25
10590,664,620,82158.56,,success,1,REF124,7/6/2025
10591,372,797,86886.85,DEBIT,success,####,%$#!,7/24/2025 11:06
10592,842,98,70048.55,transfer,,####,#VALUE!,10/15/2025 21:23
10593,565,871,59235.09,DEBIT,,1,REF124,9/6/2025 5:42
10594,256,429,18318.62,unknown,Failed, , ,11/13/2025 3:14
10595,90,417,84526.11,credit, success ,3,REF126,12/28/2025 0:23
10596,986,694,73082.43,credit,,3,REF126,7/27/2025 12:16
10597,757,943,88034.39,debit,,1,REF124,1/30/2025 4:11
10598,362,433,17056.69,,,2,#VALUE!,4/27/2025 4:32
10599,3,583,92306.41,debit,success,3,REF126,5/18/2025 10:31
10600,740,,43086.07,DEBIT,,1, ,6/3/2025 13:00
10601,914,832,98937.03,unknown,success,####, ,3/19/2025 1:49
10602,137,762,3170.34,unknown,SUCCESS,2, ,10/5/2025 9:57
INVALID_ID,800,514,74191.9,DEBIT,failed,####,REF124,10/26/2025 0:32
10604,850,1000,812.81,transfer,failed,2,#####,4/20/2025 4:24
10605,718,841,47394.54,credit,,####,REF124,3/31/2025 2:00
10606,281,952,1775.96,debit,failed,####,#####,1/24/2025 19:49
10607,999999,373,35108.94,,success, ,%$#!,4/21/2025 19:20
10608,104,259,36364.49,credit,,####,REF125,8/17/2025 17:02
10609,666,599,88720508043.13637,,SUCCESS, ,REF125,8/1/2025 6:29
10610,486,207,15375.6986,,,3,REF125,5/15/2025 21:26
10611,999999,INVALID_ID,41906.23,debit,failed,1,REF126,1/24/2025 14:38
10612,759,507,87026.87,DEBIT,SUCCESS,3, ,
10613,607,901,51284.44,transfer,pending,2,REF124,1/18/2025 17:08
10614,655,905,13305.81,debit,failed,1,#VALUE!,5/15/2025 22:34
10615,-1,723,26411177690.63069,transfer,success, ,REF124,4/19/2025 14:53
10616,551,889,78053.51353094196,,,3,REF125,6/21/2025 17:27
10617,596,879,15572.59,,failed,####,#####,3/10/2025 9:28
10618,747,,16300.24,,success,3,REF125,9/8/2025 12:56
10619,540,769,60333.32,debit!!@#,,2,REF124,10/27/2025 2:00
10620,643,812,95762.19293,,SUCCESS,1,REF125,11/13/2025 16:41
10621,159,557,62752.3104,DEBIT,, ,%$#!,2025-13-01 25:61:00
10622,151,294,87900.22,credit,pending,3,REF125,2/15/2025 23:06
10623,87,620,42868.55,DEBIT,,####,REF124,5/16/2025 7:11
10624,512,956,90699.4,debit,failed,2,#####,10/8/2025 3:24
10625,INVALID_ID,592,72673505801.89249,,pending,1,REF124,9/27/2025 7:09
10626,652,822,92161.27,unknown,,2,#VALUE!,10/5/2025 15:32
10627,711,225,,debit,   ,3,REF126,11/26/2025 14:56
,143,148,55154.52,,failed!!@#, ,#VALUE!,2/25/2025 13:34
10629,989,56,0,, failed ,####, ,11/13/2025 0:20
10630,482,767,94877.09,,   ,1, ,8/23/2025 15:18
10631,12,434,87598.89,transfer,SUCCESS,3,#VALUE!,2/5/2025 16:54
10632,129,411,21898.45,credit,,3,#####,4/10/2026 0:16
10633,435,112,36276.54,,   ,1,REF124,10/21/2025 19:17
10634,207,34,8513.09,debit,PENDING,1,REF125,5/19/2025 12:12
10635,513,770,35590.1709,credit,,2,#VALUE!,5/29/2025 9:32
10636,39,156,7884.5,Credit,failed,2,REF124,10/11/2025 0:10
10637,788,805,29091.25,,Failed,1, ,8/9/2025 3:53
-1,,785,54718.13,credit,pending, , ,5/22/2025 2:27
10639,728,265,97848.59,unknown,Failed,3,#VALUE!,4/22/2025 7:32
10640,940,452,84485.12, None ,pending,3,%$#!,1/17/2025 13:45
10641,759,717,804.22,transfer,failed,3,REF125,2/6/2025 7:30
10642,548,477,18035.533216971857,,success,1,%$#!,7/8/2025 20:35
10643,118,40,94853882670,Credit,,3,REF126,5/21/2025 9:21
10644,INVALID_ID,,75864.05,transfer,pending,3,REF126,10/4/2025 14:14
10645,220,266,5383.69,,pending,####,REF124,7/27/2025 23:16
,714,935,, Credit ,,1,REF126,10/14/2025 2:43
10647,919,152,31647.62,,, ,%$#!,9/6/2025 3:07
10648,224,193,"1,234.56",,, ,REF124,11/13/2025 0:58
10649,315,999999,49918.08,,SUCCESS,2,REF125,2/14/2025 0:46
10650,383,610,43593.26,,,####,REF126,1/7/2025 9:06
10651,509,639,9979.21,debit,, ,REF124,3/17/2025 22:45
10652,360,936,90800.28,,Failed,2, ,4/13/2025 17:18
10653,932,,N/A,debit,Failed,1,REF126,5/11/2025 3:15
10654,441,997,61630.63,debit,,1,%$#!,6/6/2025 13:20
,448,728,50430.66,,failed,2,#####,2025-13-01 25:61:00
10656,789,29,54371.81,,, , ,4/4/2025 2:22
999999,199,252,80711.67,transfer,failed,2,#VALUE!,8/13/2025 23:58
10658,950,110,26206.85,credit,failed,####,REF124,1/9/2025 12:39
10659,-1,704,88972.45,unknown,failed, ,REF124,2025-13-01 25:61:00
10660,356,629,511.41,transfer,,1,REF124,3/1/2025 3:58
10661,921,336,8353.44,DEBIT,success,1,%$#!,4/25/2025 7:16
10662,447,410,25016.81,transfer,, ,#VALUE!,3/21/2025 22:29
10663,905,611,81591.06,,,1,#VALUE!,2025-13-01 25:61:00
10664,601,619,64513.35,,pending,####, ,6/4/2025
10665,381,999999,,,   ,####,REF126,3/24/2025 9:36
10666,285,969,0,,pending,2,#VALUE!,7/11/2025 19:48
10667,999999,464,32694.21,debit,pending,1,%$#!,1/15/2025 8:56
10668,41,INVALID_ID,9521.03,transfer,Failed,2,#####,1/19/2025 6:45
10669,466,657,12150.08,,FAILED,1, ,9/25/2025 0:53
10670,91,924,81616.6,debit,,3,%$#!,29-04-2025
10671,628,389,17042159625.340937,unknown!!@#,, ,REF126,12/14/2025 18:27
10672,126,247,66130.28,,pending,####, ,5/18/2025 2:17
10673,676,877,7810.89,debit,SUCCESS, ,REF126,3/23/2025 0:51
10674,527,779,70854.15,credit,SUCCESS,####,#VALUE!,7/19/2025 9:49
10675,71,169,95149.94,credit,,3,#####,2025-13-01 25:61:00
10676,464,122,8415.84,DEBIT,success,3,#VALUE!,1/20/2025 1:57
,433,194,59408.98,unknown,,####,#####,3/21/2026 17:37
10678,273,545,22654.24,,,####,#####,3/21/2025 21:18
10679,653,611,320.66,unknown,   ,1,REF125,12/16/2025 11:23
,683,,97437.34,DEBIT,SUCCESS,1,#####,4/7/2025 2:57
10681,18,298,"1,234.56",DEBIT,, ,#VALUE!,5/17/2025 5:30
,499,,35269.11,unknown!!@#,SUCCESS,3,REF124,2/25/2025 0:06
10683,592,997,0,,,####,#####,12/7/2025 5:46
10684,696,340,41735.26,transfer,success,1,%$#!,11/4/2025 18:52
10685,,950,"1,234.56",transfer,   ,3, ,7/31/2026 6:15
10686,999999,501,43037.98,,pending,2,REF124,10/26/2025 14:31
10687,731,751,0,,,2,REF124,12/18/2025 3:24
10688,310,178,67895.53,DEBIT,SUCCESS, ,#####,2/3/2025 5:49
10689,473,385,83386.89612816954,unknown,SUCCESS, ,REF124,2025-13-01 25:61:00
10690,981,91,61524.7,Credit,Failed, ,REF125,1/21/2025 18:59
10691,413,474,87492.34, debit ,NONE, , ,11/16/2025 5:02
10692,340,125,67444.56,debit,SUCCESS,####,#####,9/6/2025 10:08
10693,319,,48500.66,   ,success,1,%$#!,2/10/2025 5:41
10694,455,999999,40461.69,Credit,,1,#VALUE!,2/17/2025 20:16
10695,190,763,17085.84,Credit,success, ,REF124,9/17/2025 7:24
10696,820,427,14825.17,credit,success,####,#VALUE!,8/29/2025 17:40
10697,364,480,,DEBIT,,1,REF125,3/9/2025 18:25
10698,737,471,78671.82,transfer,,1,REF124,8/24/2025 6:51
10699,950,675,12950.9,,success,1,%$#!,2/7/2025 11:49
10700,696,779,77176.61,CREDIT,SUCCESS,3, ,25-01-2025
10701,39,75,37438.47,debit,SUCCESS, ,REF124,8/11/2025 20:00
10702,503,293,74217.97, Credit ,NONE,1,#VALUE!,2/24/2025 14:08
10703,418,-1,18538.58,unknown,SUCCESS,2,#####,12/16/2025 10:19
10704,69,641,0,TRANSFER,Failed,####,#####,11/15/2025 23:19
10705,258,INVALID_ID,87148.62,credit,Failed,2,#VALUE!,1/22/2025 23:59
10706,597,940,N/A,,success,1,REF125,10/13/2025 0:11
10707,935,242,80568.15,debit,Failed,2,REF125,12/11/2025 16:16
10708,278,,50765.35,,,2,%$#!,3/18/2025 4:28
10709,699,19,5223.52,DEBIT,success,2,REF124,12/17/2025 21:42
10710,448,244,58865.86,debit,failed,####, ,2/19/2025 5:04
10711,322,671,99808.9,,success,1,%$#!,7/12/2025 5:04
10712,920,226,30278.86,transfer,pending,####,REF125,3/17/2026 12:52
10713,723,498,20363457960.455116,Credit,, ,REF124,4/2/2025 7:20
10714,465,22,3385.28,,,####,%$#!,12/2/2025 1:37
10715,230,189,53253.87,debit,Failed, ,REF126,11/18/2025 14:59
10716,606,29,82925.65,,Failed,2,REF125,9/21/2025 7:08
10717,548,587,76903.54,,success,2,REF124,4/17/2025 13:31
10718,556,585,61558.57,transfer,Failed,####,#####,11/26/2025 4:08
10719,,38,48025.99,Credit,Failed,2,REF125,6/21/2025 1:11
10720,283,999999,63037514456.71757,debit,Failed,1,#####,1/17/2025 7:03
10721,975,266,1621.66,,PENDING,1,#####,2/13/2025 22:56
10722,334,850,41602.81,transfer,pending,1, ,9/11/2025 4:52
10723,302,165,"1,234.56",DEBIT,Failed, ,REF126,11/1/2025 6:26
10724,221,,72628.71,credit,Failed,3,%$#!,7/29/2025 7:32
10725,541,622,52449.56,transfer,pending,1,#VALUE!,5/21/2025 13:45
10726,999999,247,95761.28,credit,,2,#VALUE!,11/2/2025 8:53
10727,847,948,77647.06,DEBIT, success ,2,REF126,2/27/2025 15:10
10728,792,185,1561.07,transfer,failed,####,REF125,1/10/2025 7:03
10729,136,543,90427,,success, ,#VALUE!,5/11/2025 17:43
10730,,757,94992.41,unknown,SUCCESS,1,REF125,10/9/2025 1:26
10731,960,156,59359.39,unknown,,1,REF124,2/7/2025 15:09
10732,50,919,50827.71,transfer,, , ,12/9/2025 16:24
10733,532,901,9955.66,credit,failed,1,#####,8/24/2025 9:54
,683,99,83880.61,debit,Failed,1,%$#!,7/9/2025 15:54
10735,209,971,73211.62,unknown,!!@#,1,REF124,7/11/2025 13:28
-1,286,120,80366.07,Credit,pending,1,%$#!,7/19/2025 4:03
10737,705,,10052.88,,,3,%$#!,5/27/2025 2:31
10738,201,156,18718.61,DEBIT,, , ,18-06-2025
10739,214,40,26314.75,Credit,failed,####,#####,12/6/2025 19:57
10740,816,613,48101.09566531157,credit,SUCCESS,2,REF124,2/14/2025 23:30
10741,999999,714,12814.51,unknown,pending,1, ,11/1/2025 0:29
10742,331,326,80904.96,transfer,failed,3,REF126,4/30/2025 19:31
10743,897,212,11040.46,None!!@#,success,1,REF124,10/1/2025 16:33
10744,785,,21054.23,DEBIT,failed,1,#VALUE!,5/26/2025 4:48
,751,,2012.64,credit,pending,3,REF125,10/27/2025 23:23
10746,999999,803,40081.09,transfer,,1,REF125,
10747,620,98,79264.07,transfer,success,2,REF125,2/8/2025 17:04
10748,483,440,96688.96,unknown,SUCCESS,1,REF125,10/24/2025 4:52
10749,230,26,23219.23,credit,,3,REF126,3/7/2025 17:34
10750,608,145,83808.66,   ,pending,1,#####,1/15/2025 4:17
-1,417,275,75506.24,unknown,,3,REF124,10/15/2025 6:21
10752,108,80,"1,234.56",credit,,3,REF125,3/8/2025 7:14
10753,144,561,935.76,transfer,Failed,####,#VALUE!,3/6/2025 10:43
10754,210,975,51942.78,unknown,,2,REF124,3/5/2025 18:48
10755,11,184,6714.13,transfer,Failed, ,REF124,8/31/2025 17:10
10756,359,905,62885.89,transfer,pending, ,%$#!,12/29/2025 20:22
10757,676,607,73068.5,transfer,Failed,2,#VALUE!,8/12/2025 13:30
10758,284,755,66853.01,,success, , ,2/25/2025 15:57
10759,-1,INVALID_ID,51175.41,unknown,SUCCESS,2,#VALUE!,7/4/2025 6:27
10760,325,905,"1,234.56",transfer,SUCCESS, , ,2/16/2025 16:42
10761,357,887,46612.93,,failed, ,REF124,3/18/2025 1:19
10762,6,337,36893.05,debit,,3,#####,9/28/2025 2:31
10763,59,,71805.77,unknown,, ,#VALUE!,1/15/2025 19:59
10764,731,754,0,   ,,3,%$#!,3/17/2025 9:54
10765,341,869,"1,234.56",,,3,REF125,11/17/2025 10:00
-1,-1,,60856.82,,Failed,####,%$#!,8/9/2025 15:45
10767,953,120,0,,,1,REF125,6/28/2025 18:45
10768,253,698,90148.91,DEBIT,failed,3,#VALUE!,6/10/2025 18:35
,905,-1,69758.84,unknown,,2, ,9/24/2025 19:40
10770,855,160,21074.17,,,2,%$#!,10/16/2025 14:29
10771,792,224,3154.4906,DEBIT,pending,3,#####,2025-13-01 25:61:00
10772,645,,42146.56,credit,SUCCESS,####,REF126,6/20/2025 11:51
10773,590,749,83411.3,,,####,REF125,4/1/2025 23:51
10774,520,437,95398.65,debit,Failed,####,REF126,3/19/2025 1:48
10775,999999,342,5389.471836707066,DEBIT,,1,%$#!,12/9/2025 21:44
10776,190,209,"1,234.56",,SUCCESS,2,REF125,3/24/2025 12:34
-1,852,249,9591.528,DEBIT,,2,#VALUE!,8/20/2025 19:52
10778,501,994,22177.19,Credit,success, ,#VALUE!,22-12-2025
10779,512,217,9294.11,DEBIT,,2,%$#!,6/13/2025 18:52
10780,530,477,34635.22,,failed,####,#VALUE!,
999999,687,INVALID_ID,42503.87,credit,,####,REF126,7/27/2025 18:47
10782,184,545,0,debit,,2,%$#!,7/23/2026 21:27
10783,125,472,88917.7,transfer,success,####,%$#!,5/19/2025 14:24
10784,305,999999,73193.11,,failed,2,REF126,6/17/2025 10:08
10785,470,250,90359.01,,failed,3, ,11/12/2025 12:49
10786,-1,950,30205.58,DEBIT,,1,#VALUE!,6/18/2025 7:54
10787,585,311,53920.37,debit,SUCCESS, ,REF126,3/14/2025 2:58
10788,620,186,27275.21,debit,SUCCESS,####,#VALUE!,5/4/2025 13:27
10789,727,66,72819.12,unknown,SUCCESS,3,REF124,5/13/2025 6:35
-1,156,761,53228.71,,Failed, ,REF126,8/6/2025 23:56
10791,766,379,75088.24,,Failed,####,REF125,1/10/2025 2:10
10792,762,241,53763.9,CREDIT,success,####,%$#!,3/3/2025 19:04
10793,-1,419,21783.08,transfer,,3,%$#!,10/23/2025 20:03
10794,546,880,75685.25,unknown,success,3, ,6/30/2025 4:59
,101,669,41832.78,debit,Failed, , ,10/12/2025 8:06
10796,625,583,68439.46,debit,,1,%$#!,6/27/2025 18:42
10797,180,730,32279.19,debit,,3,REF124,11/6/2025 10:16
10798,999999,619,87209.83,Credit,success,####,#VALUE!,7/21/2025 20:35
10799,73,981,71600.498,debit,SUCCESS, ,REF124,1/16/2025 11:57
10800,524,451,12414444099.07806,transfer,pending,1,%$#!,12/21/2025 13:32
10801,271,658,45829.62,Credit,SUCCESS,####,%$#!,4/11/2025 4:00
10802,780,535,22109.94,,failed, , ,10/4/2025 22:22
10803,762,132,29240.36,,failed,####,#VALUE!,10/8/2025 1:30
10804,530,634,97240.61,,SUCCESS,2,REF124,7/7/2025 5:03
10805,15,67,30937.74,transfer,pending,1,%$#!,9/6/2025 0:31
10806,867,807,22844.85,debit,   , ,REF126,7/27/2025 16:16
10807,82,58,52299.65,DEBIT,,2,#####,8/25/2025 13:34
INVALID_ID,761,851,90615035338.50854,   ,, ,REF125,7/28/2025 12:35
10809,809,202,44195.39,credit,pending,2,#VALUE!,12/1/2025 10:23
10810,454,200,63496.91,debit,SUCCESS,3, ,7/7/2025 16:29
10811,307,545,27536.08,transfer,failed,3,#VALUE!,7/17/2025 21:19
10812,68,690,92530.28,DEBIT,failed,2, ,10/25/2025 15:33
10813,308,216,"1,234.56",,failed, ,#####,7/3/2025 23:54
10814,799,235,47203.45,transfer,pending,1, ,4/30/2025 14:55
10815,,963,96868.31,DEBIT,,1,REF125,4/10/2025 9:26
10816,330,392,56001.63,Credit, success ,1,REF125,10/8/2025 17:26
10817,482,,65945.23,unknown,success,2,REF125,5/24/2025 11:30
10818,484,-1,97718.1,DEBIT, Failed ,2,#####,8/11/2025 10:15
10819,571,299,14055.35,,SUCCESS,3,REF126,5/5/2025 18:25
10820,342,995,25543.22,debit,, ,REF124,25-07-2025
10821,,448,95979.23,,pending, ,#VALUE!,8/8/2025 13:02
10822,116,818,85150.08,unknown,, ,REF125,6/30/2025 20:46
10823,757,-1,64787.51,,success,####,%$#!,1/4/2025 7:34
10824,266,599,32668.66,Credit,,####,#VALUE!,10/28/2025 4:48
10825,,617,3954.8643,,failed,1,#VALUE!,3/5/2025 9:57
10826,959,791,13739.84,unknown!!@#,, ,#####,7/2/2026 17:44
10827,204,390,12473.69,credit,SUCCESS, ,%$#!,5/4/2025 1:31
10828,93,369,50878.44,,,2,REF125,5/1/2025 9:14
10829,869,235,8454.3,,pending, ,REF125,1/18/2025 14:52
10830,,532,69510.07,debit,,2,REF126,11/16/2025 17:15
10831,959,156,81033.86,credit,pending,1,%$#!,11/23/2025 18:38
10832,,30,3431.93,,,####,REF126,1/6/2025 19:14
10833,430,116,46448.69,unknown,SUCCESS,3, ,5/6/2025 9:25
10834,629,99,74874.4,Credit!!@#,failed,1,REF125,2/6/2025 19:29
10835,630,232,73005.73,unknown,failed,2,REF126,2/26/2025 9:33
10836,36,819,4811.36,,failed,####,REF126,8/11/2025 4:14
10837,193,837,40571.63,unknown,pending,####,#VALUE!,5/12/2025 0:19
10838,262,893,54894.59,,pending,####,%$#!,7/31/2025 0:05
10839,469,124,29578.39,transfer,Failed,1,%$#!,12/10/2025 22:36
10840,861,,73343.9,DEBIT,pending,2, ,7/26/2025 4:04
10841,697,650,22633.49,DEBIT,, , ,6/5/2025 16:24
10842,996,488,13620.63, debit ,,3,REF125,1/23/2025 23:59
10843,493,783,97645.74,,failed, ,%$#!,3/29/2025 21:18
10844,915,744,"1,234.56",unknown,success,2,REF125,7/23/2025 14:16
10845,483,449,12495.2,unknown,success,####,#VALUE!,2/13/2025 19:43
10846,173,709,48735.54, credit ,,1,REF125,6/17/2025 22:58
10847,886,863,27593.8,,,1,%$#!,7/8/2025 13:38
999999,606,273,78094.38,,success,####,#####,2/8/2025 6:48
10849,783,595,90379.92,,, ,REF125,12/2/2025 7:34
10850,833,763,,,SUCCESS,####,REF125,11/26/2025 21:15
10851,700,997,27670.48,,failed,1, ,8/1/2025 12:59
10852,772,836,0,,PENDING,####,REF125,9/6/2025 8:07
10853,655,392,85599.04,,failed,3,%$#!,8/14/2025 23:12
10854,658,775,17799.03,credit,,3,REF126,10/6/2025 0:33
10855,137,107,73630.87,transfer,failed,2,#####,8/1/2025 19:36
10856,27,854,21905.33,unknown,pending, ,#####,8/26/2025 18:18
10857,570,582,18613.94,,,1,%$#!,11/8/2025 8:37
10858,922,241,35713.85,DEBIT,Failed!!@#,2,REF124,11/1/2025 13:26
10859,549,827,22790.16,Credit,SUCCESS,####,REF124,2025-13-01 25:61:00
10860,INVALID_ID,356,-70633.83833,   ,,1,REF126,6/17/2025 7:37
10861,406,463,69723.63,Credit,Failed,2,REF124,
10862,730,999999,97735.61,,Failed, ,REF126,11/21/2025 13:39
10863,507,-1,94615.25,,failed, ,#VALUE!,5/1/2025 20:33
10864,901,93,40148.76,credit,success,2,#####,9/9/2026 8:48
10865,,,32692.7,,Failed,####,#VALUE!,5/15/2025 1:56
10866,159,588,44075.35,DEBIT,success,####,REF124,11/5/2025 5:19
10867,320,111,18049.87,credit,pending,####,%$#!,8/1/2025 19:32
10868,999999,INVALID_ID,24629754871.470436,unknown,success,2,REF125,11/11/2025 22:12
10869,773,102,9104.44,,failed,2,#####,9/1/2025 5:54
10870,85,504,56129.69,transfer,   ,####,#VALUE!,3/15/2025 1:01
10871,602,585,64096.83,,pending,####,#VALUE!,11/17/2025 13:13
10872,521,183,N/A,CREDIT,,3,REF124,7/12/2025 8:17
10873,,391,68942.06,debit,SUCCESS,2, ,11/22/2025 8:44
10874,614,685,92218.56,transfer,success,2, ,4/18/2025 23:57
10875,798,,N/A,unknown!!@#,success!!@#,2, ,9/7/2025
10876,172,263,71505.19,transfer,PENDING,2,#####,11/16/2025 13:46
10877,89,510,N/A,UNKNOWN,SUCCESS,1,REF125,10/11/2025
10878,380,147,76914.97,Credit,success,3,#VALUE!,4/8/2025 9:38
10879,206,58,15318.22,credit,,2,REF126,1/27/2025 22:41
10880,295,147,31762.1803,credit,failed,####,REF126,1/15/2025 22:11
10881,,4,81372.47,credit,,2,REF125,7/5/2025 0:37
10882,290,397,74809.46,transfer,failed,1,#VALUE!,3/28/2025 22:20
10883,179,398,88194.93,debit,SUCCESS,####,%$#!,11/27/2025 18:16
10884,861,214,42119.85,unknown,pending, ,#VALUE!,10/8/2025 21:42
10885,730,200,72933.39,,pending,2, ,2/12/2025 4:41
10886,927,794,41217.66,,Failed,2,%$#!,1/10/2025 6:09
10887,684,764,76926.31,Credit,,2,REF125,7/9/2025 0:13
10888,628,644,67622.18,,success,1,REF126,3/20/2025 20:09
10889,315,372,31556.85,unknown,success,####,REF126,12/8/2025 23:25
10890,546,420,55236.6,transfer,,####,#####,2/7/2025 16:44
10891,391,489,2005.21,,success,2,REF126,8/9/2025 2:48
10892,88,71,62406.87,DEBIT!!@#,pending, ,#VALUE!,11/2/2025 11:25
10893,819,637,"1,234.56",transfer,success,2,#####,1/21/2025 4:46
,270,444,27290.93,unknown,failed,2,%$#!,1/5/2025 3:31
10895,390,482,3607.96,,pending,####,%$#!,4/12/2025 14:10
INVALID_ID,-1,461,8488.68,,failed, ,#VALUE!,1/29/2025 21:35
10897,586,-1,7550.4,,,####,%$#!,9/3/2025 1:22
10898,109,58,19960.14,credit,,1,REF126,6/10/2025
10899,543,838,98793.08,DEBIT,,####,REF126,3/18/2025 18:53
10900,590,999999,76169.04,,,1,#VALUE!,6/10/2025 2:44
10901,437,354,53059.78,transfer,success, ,REF126,1/24/2025 11:00
10902,82,921,1209.77,credit,Failed,####,#####,4/12/2025 22:05
10903,367,492,30031.72,Credit,pending,####,REF125,5/6/2025 23:19
10904,996,890,45223119047.63398,,,3,#VALUE!,9/3/2025 12:27
10905,445,678,15112.35,CREDIT,pending,1,#####,6/2/2025 7:51
10906,875,234,60686.43,,   ,####, ,1/26/2025 23:36
10907,623,241,49428.22,,pending,1,#VALUE!,6/16/2025 14:32
10908,543,743,68854.5648,   ,failed,2, ,4/1/2025 15:48
10909,650,996,28060.33,,,1,REF126,3/30/2025 21:45
10910,833,501,89056.8,credit,success,3,#####,12/16/2025 16:37
10911,INVALID_ID,399,79130.25,DEBIT,failed,1,REF126,11/17/2025 8:02
10912,803,328,31423.69,Credit,Failed, ,REF125,1/24/2025 12:29
10913,819,255,42304.9,debit,,3,REF124,13-06-2025
10914,932,458,55530.88,NONE,failed,2, ,3/5/2025 6:20
10915,999999,889,47715380484.97223,,SUCCESS, , ,2025-13-01 25:61:00
10916,580,41,5595.36,DEBIT,success,1,REF125,4/2/2025 6:29
10917,366,423,6966.96,debit,Failed, ,REF126,6/24/2025 4:18
10918,890,INVALID_ID,,Credit,failed, ,%$#!,2/23/2025 11:12
-1,775,,76556.01,,success,1,REF126,1/3/2025 18:39
10920,903,921,"1,234.56",debit,pending, ,REF125,3/20/2025 6:55
10921,201,267,65049.76,unknown,, , ,10/16/2025 11:31
,778,766,68978.08,transfer,failed,2,%$#!,4/8/2025 23:54
10923,13,186,20643.21,,Failed,####, ,7/6/2025 11:33
10924,684,-1,,debit,success,2,REF126,8/9/2025 15:10
10925,377,196,74187.23,transfer,success,1,REF125,4/13/2025 0:46
10926,820,124,74428.61,debit, success , ,#VALUE!,12/4/2025 19:02
10927,280,720,6337.75,   ,SUCCESS,####,#####,3/9/2025 23:19
,46,983,28089.48,unknown,pending, ,REF125,9/25/2025 20:14
10929,,577,43540.1,unknown,success, ,REF125,7/3/2025 11:47
10930,924,565,32077.92,,pending,3,REF124,9/19/2025 5:37
10931,556,985,60219.17,,Failed,3,%$#!,1/17/2025 14:30
10932,641,350,"1,234.56",DEBIT, SUCCESS ,1,REF125,2/13/2025 10:47
10933,533,5,55049.35,Credit,pending,3,REF124,8/1/2025 23:55
10934,840,591,40805.76,credit,,2,#VALUE!,1/1/2025 5:33
999999,820,148,69496.79,,success,3,REF124,2025-13-01 25:61:00
10936,191,-1,25350.86,,Failed,3,REF125,3/22/2025 22:52
10937,942,630,67914.95,unknown,SUCCESS,2, ,7/29/2025 8:00
10938,602,360,68487.97,,success, ,#VALUE!,2/2/2025 5:17
10939,647,466,33744.9,,, ,REF124,6/9/2025 11:08
10940,608,,-50634.39075,DEBIT,Failed,####,REF126,8/16/2025 10:45
10941,179,301,3991.25,,success,1,%$#!,1/3/2025 5:03
10942,670,792,30234.64,unknown,SUCCESS,1,#VALUE!,10/15/2025 12:37
-1,25,376,43003.05,,success,2,REF124,13-06-2025
10944,899,367,50716.29,DEBIT!!@#,failed,3,REF126,8/1/2025 0:19
999999,69,673,41331.44,Credit,,2,REF126,7/18/2025 3:22
10946,682,,88039660648.68912,Credit,SUCCESS,####,REF125,3/8/2025 23:03
10947,555,73,12704.29,credit,failed,2,#VALUE!,8/31/2025 23:14
10948,269,771,87068.17,debit,Failed,3,#VALUE!,12/19/2025 10:35
10949,810,417,"1,234.56",transfer,success,1,#VALUE!,10/1/2025 14:10
10950,,285,46456.06,,,2,REF126,5/30/2025 22:39
10951,604,946,59938.19,DEBIT,pending,3,REF124,1/25/2025 10:35
10952,278,609,31312.03,Credit,failed, ,REF126,6/9/2025 19:49
999999,686,787,78691.47,transfer,Failed,2,#####,8/14/2025 22:17
10954,741,654,59817.14,,SUCCESS,####,REF124,8/9/2025 15:54
10955,261,999999,37662.44,,pending,1,REF126,8/2/2025 20:22
,582,INVALID_ID,42776.45,credit,failed,####,REF126,11/8/2025 4:39
10957,72,562,12750.937287503668,,pending,3,REF125,4/21/2025 8:49
,634,770,55266.05,,failed,3,%$#!,3/20/2025 21:24
10959,165,759,97408.86,CREDIT,SUCCESS,3,REF125,12/23/2025 8:53
10960,245,446,59975.64,Credit,SUCCESS, ,REF125,5/30/2025 7:34
-1,24,279,67334.38,,SUCCESS,2, ,5/25/2025 20:14
10962,858,387,40406.59,,failed,2, ,1/10/2025 10:16
10963,661,464,2197.71,,SUCCESS,####,REF125,4/10/2025 0:04
10964,934,491,21921.49,Credit,, ,REF125,3/3/2025 15:41
INVALID_ID,52,538,45315.55,,pending, ,REF124,12/5/2025 13:51
10966,671,893,94151.46,unknown,,2, ,30-01-2025
,837,999999,46259.09,DEBIT,success,2,REF124,4/16/2025 18:22
10968,517,404,"1,234.56",DEBIT,pending, ,REF124,10/3/2025 19:37
10969,656,INVALID_ID,,unknown,SUCCESS,2,REF126,12/12/2025 4:08
10970,966,806,71838.4,transfer,,####,REF126,22-03-2025
10971,863,619,38263.4,debit,failed, ,REF125,2/27/2025 3:43
10972,777,665,39642113561.233376,Credit,SUCCESS,2,%$#!,3/21/2025 11:52
10973,53,150,92275.45,debit,,2,#VALUE!,5/18/2025 18:44
10974,42,890,6784.89,transfer,success,3,#####,5/20/2026 16:56
10975,646,25,33410.75,,, ,%$#!,6/20/2025 6:09
10976,,799,74896.24,DEBIT,, ,%$#!,4/14/2025 17:36
10977,202,394,N/A,debit,failed,2,REF125,2/28/2025 21:26
10978,939,68,3755.72,credit,SUCCESS!!@#,3, ,11/12/2025 5:29
10979,-1,481,25815.76,,,1,REF124,7/21/2025 23:12
10980,797,232,43393,transfer,Failed,3,REF126,2/11/2025 8:37
10981,865,902,"1,234.56",credit,SUCCESS,3,REF125,2/1/2025 12:10
10982,972,68,-92613.18924,,success,2,%$#!,4/30/2025 14:50
-1,504,406,40537.72,transfer,Failed, ,%$#!,2/2/2025 4:28
10984,,554,89659.16,DEBIT,success, ,#VALUE!,5/23/2025 10:30
10985,717,-1,16530.5,,, ,REF126,11/3/2025 15:04
10986,503,608,0,transfer,pending,3,REF126,7/19/2025 23:08
10987,706,403,66504.21,unknown,,3,REF125,12/28/2025 8:51
10988,317,216,"1,234.56",   ,SUCCESS!!@#,1,#VALUE!,4/20/2025 16:51
,594,494,12270.62,transfer,,2,#VALUE!,3/16/2025 8:48
10990,862,259,81253.76,,,3,#####,6/14/2025 0:34
10991,770,717,"1,234.56",transfer,pending,3,REF124,4/4/2025 5:10
10992,285,739,,,success,2, ,7/14/2025 14:22
10993,697,755,27351.87,Credit,,####,REF125,10/21/2025 12:19
10994,19,643,6289.22,,,3,REF126,4/27/2025 14:50
10995,837,927,,,success,2,#VALUE!,11/8/2025 14:49
10996,922,,86855.91,transfer,Failed, ,%$#!,4/22/2025 16:13
10997,948,575,17731.9,debit,failed,1,#####,2/20/2025 10:32
10998,174,688,16194.53,DEBIT,Failed, ,#####,1/30/2025 14:28
10999,874,977,77868.7,transfer,pending!!@#,1,REF126,10/30/2025 17:48
